arquivo;algoritmo;estrutura;execucao;tempo_ms
sample100-1980.gr;BFS;LISTA;1;6,7352
sample100-1980.gr;BFS;LISTA;2;6,0891
sample100-1980.gr;BFS;LISTA;3;5,7484
sample100-1980.gr;BFS;LISTA;4;4,0993
sample100-1980.gr;BFS;LISTA;5;3,7540
sample100-1980.gr;BFS;LISTA;6;3,3212
sample100-1980.gr;BFS;LISTA;7;2,9120
sample100-1980.gr;BFS;LISTA;8;2,9077
sample100-1980.gr;BFS;LISTA;9;2,8807
sample100-1980.gr;BFS;LISTA;10;3,2945
sample100-1980.gr;BFS;LISTA;11;3,2240
sample100-1980.gr;BFS;MATRIZ;1;3,6267
sample100-1980.gr;BFS;MATRIZ;2;3,3500
sample100-1980.gr;BFS;MATRIZ;3;3,1217
sample100-1980.gr;BFS;MATRIZ;4;3,6279
sample100-1980.gr;BFS;MATRIZ;5;2,8739
sample100-1980.gr;BFS;MATRIZ;6;2,9664
sample100-1980.gr;BFS;MATRIZ;7;2,9196
sample100-1980.gr;BFS;MATRIZ;8;3,5791
sample100-1980.gr;BFS;MATRIZ;9;3,3334
sample100-1980.gr;BFS;MATRIZ;10;2,7780
sample100-1980.gr;BFS;MATRIZ;11;2,7409
sample100-1980.gr;DFS;LISTA;1;4,0723
sample100-1980.gr;DFS;LISTA;2;2,2986
sample100-1980.gr;DFS;LISTA;3;2,4954
sample100-1980.gr;DFS;LISTA;4;2,2923
sample100-1980.gr;DFS;LISTA;5;2,5773
sample100-1980.gr;DFS;LISTA;6;2,5972
sample100-1980.gr;DFS;LISTA;7;2,4399
sample100-1980.gr;DFS;LISTA;8;2,5964
sample100-1980.gr;DFS;LISTA;9;2,5262
sample100-1980.gr;DFS;LISTA;10;2,3466
sample100-1980.gr;DFS;LISTA;11;2,1864
sample100-1980.gr;DFS;MATRIZ;1;2,1109
sample100-1980.gr;DFS;MATRIZ;2;3,2766
sample100-1980.gr;DFS;MATRIZ;3;2,2716
sample100-1980.gr;DFS;MATRIZ;4;1,5085
sample100-1980.gr;DFS;MATRIZ;5;1,7757
sample100-1980.gr;DFS;MATRIZ;6;2,6371
sample100-1980.gr;DFS;MATRIZ;7;1,8446
sample100-1980.gr;DFS;MATRIZ;8;5,2601
sample100-1980.gr;DFS;MATRIZ;9;2,5214
sample100-1980.gr;DFS;MATRIZ;10;2,5298
sample100-1980.gr;DFS;MATRIZ;11;2,8836
sample100-1980.gr;KRUSKAL;LISTA;1;15,7400
sample100-1980.gr;KRUSKAL;LISTA;2;7,2827
sample100-1980.gr;KRUSKAL;LISTA;3;6,9537
sample100-1980.gr;KRUSKAL;LISTA;4;6,0621
sample100-1980.gr;KRUSKAL;LISTA;5;5,3657
sample100-1980.gr;KRUSKAL;LISTA;6;5,2305
sample100-1980.gr;KRUSKAL;LISTA;7;6,6173
sample100-1980.gr;KRUSKAL;LISTA;8;4,9555
sample100-1980.gr;KRUSKAL;LISTA;9;5,3801
sample100-1980.gr;KRUSKAL;LISTA;10;5,7599
sample100-1980.gr;KRUSKAL;LISTA;11;5,1234
sample100-1980.gr;KRUSKAL;MATRIZ;1;5,4959
sample100-1980.gr;KRUSKAL;MATRIZ;2;5,1636
sample100-1980.gr;KRUSKAL;MATRIZ;3;5,6517
sample100-1980.gr;KRUSKAL;MATRIZ;4;5,5114
sample100-1980.gr;KRUSKAL;MATRIZ;5;5,4848
sample100-1980.gr;KRUSKAL;MATRIZ;6;4,4880
sample100-1980.gr;KRUSKAL;MATRIZ;7;5,0009
sample100-1980.gr;KRUSKAL;MATRIZ;8;5,1289
sample100-1980.gr;KRUSKAL;MATRIZ;9;4,7187
sample100-1980.gr;KRUSKAL;MATRIZ;10;4,8774
sample100-1980.gr;KRUSKAL;MATRIZ;11;4,5164
sample100-1980.gr;PRIM;LISTA;1;7,8688
sample100-1980.gr;PRIM;LISTA;2;5,0861
sample100-1980.gr;PRIM;LISTA;3;3,9098
sample100-1980.gr;PRIM;LISTA;4;3,7439
sample100-1980.gr;PRIM;LISTA;5;3,7921
sample100-1980.gr;PRIM;LISTA;6;3,4723
sample100-1980.gr;PRIM;LISTA;7;3,7873
sample100-1980.gr;PRIM;LISTA;8;3,5058
sample100-1980.gr;PRIM;LISTA;9;3,9992
sample100-1980.gr;PRIM;LISTA;10;4,3835
sample100-1980.gr;PRIM;LISTA;11;4,4848
sample100-1980.gr;PRIM;MATRIZ;1;3,9869
sample100-1980.gr;PRIM;MATRIZ;2;3,8507
sample100-1980.gr;PRIM;MATRIZ;3;3,6252
sample100-1980.gr;PRIM;MATRIZ;4;3,4279
sample100-1980.gr;PRIM;MATRIZ;5;3,3901
sample100-1980.gr;PRIM;MATRIZ;6;4,1053
sample100-1980.gr;PRIM;MATRIZ;7;3,6064
sample100-1980.gr;PRIM;MATRIZ;8;3,4217
sample100-1980.gr;PRIM;MATRIZ;9;3,5457
sample100-1980.gr;PRIM;MATRIZ;10;3,4088
sample100-1980.gr;PRIM;MATRIZ;11;3,1633
sample100-1980.gr;DIJKSTRA;LISTA;1;12,3979
sample100-1980.gr;DIJKSTRA;LISTA;2;3,9428
sample100-1980.gr;DIJKSTRA;LISTA;3;6,4377
sample100-1980.gr;DIJKSTRA;LISTA;4;6,6496
sample100-1980.gr;DIJKSTRA;LISTA;5;3,5960
sample100-1980.gr;DIJKSTRA;LISTA;6;3,4823
sample100-1980.gr;DIJKSTRA;LISTA;7;2,6557
sample100-1980.gr;DIJKSTRA;LISTA;8;3,1435
sample100-1980.gr;DIJKSTRA;LISTA;9;2,9388
sample100-1980.gr;DIJKSTRA;LISTA;10;2,7464
sample100-1980.gr;DIJKSTRA;LISTA;11;2,6893
sample100-1980.gr;DIJKSTRA;MATRIZ;1;3,2091
sample100-1980.gr;DIJKSTRA;MATRIZ;2;4,4820
sample100-1980.gr;DIJKSTRA;MATRIZ;3;2,5635
sample100-1980.gr;DIJKSTRA;MATRIZ;4;2,9935
sample100-1980.gr;DIJKSTRA;MATRIZ;5;3,9293
sample100-1980.gr;DIJKSTRA;MATRIZ;6;2,5270
sample100-1980.gr;DIJKSTRA;MATRIZ;7;3,2833
sample100-1980.gr;DIJKSTRA;MATRIZ;8;3,2502
sample100-1980.gr;DIJKSTRA;MATRIZ;9;2,9862
sample100-1980.gr;DIJKSTRA;MATRIZ;10;3,1075
sample100-1980.gr;DIJKSTRA;MATRIZ;11;3,0751
sample100-1980.gr;BELLMANFORD;LISTA;1;8,1139
sample100-1980.gr;BELLMANFORD;LISTA;2;6,0758
sample100-1980.gr;BELLMANFORD;LISTA;3;6,6830
sample100-1980.gr;BELLMANFORD;LISTA;4;5,8188
sample100-1980.gr;BELLMANFORD;LISTA;5;5,7854
sample100-1980.gr;BELLMANFORD;LISTA;6;5,5952
sample100-1980.gr;BELLMANFORD;LISTA;7;3,1674
sample100-1980.gr;BELLMANFORD;LISTA;8;3,0261
sample100-1980.gr;BELLMANFORD;LISTA;9;3,4899
sample100-1980.gr;BELLMANFORD;LISTA;10;3,1280
sample100-1980.gr;BELLMANFORD;LISTA;11;2,7147
sample100-1980.gr;BELLMANFORD;MATRIZ;1;19,6431
sample100-1980.gr;BELLMANFORD;MATRIZ;2;11,9902
sample100-1980.gr;BELLMANFORD;MATRIZ;3;7,9669
sample100-1980.gr;BELLMANFORD;MATRIZ;4;6,8420
sample100-1980.gr;BELLMANFORD;MATRIZ;5;7,5043
sample100-1980.gr;BELLMANFORD;MATRIZ;6;10,1171
sample100-1980.gr;BELLMANFORD;MATRIZ;7;7,9480
sample100-1980.gr;BELLMANFORD;MATRIZ;8;7,3886
sample100-1980.gr;BELLMANFORD;MATRIZ;9;7,4176
sample100-1980.gr;BELLMANFORD;MATRIZ;10;8,6870
sample100-1980.gr;BELLMANFORD;MATRIZ;11;8,1367
sample100-1980.gr;FLOYDWARSHALL;LISTA;1;200,8275
sample100-1980.gr;FLOYDWARSHALL;LISTA;2;167,4896
sample100-1980.gr;FLOYDWARSHALL;LISTA;3;204,6996
sample100-1980.gr;FLOYDWARSHALL;LISTA;4;177,1809
sample100-1980.gr;FLOYDWARSHALL;LISTA;5;205,0151
sample100-1980.gr;FLOYDWARSHALL;LISTA;6;173,9392
sample100-1980.gr;FLOYDWARSHALL;LISTA;7;178,2525
sample100-1980.gr;FLOYDWARSHALL;LISTA;8;190,9534
sample100-1980.gr;FLOYDWARSHALL;LISTA;9;282,8677
sample100-1980.gr;FLOYDWARSHALL;LISTA;10;281,7585
sample100-1980.gr;FLOYDWARSHALL;LISTA;11;181,4579
sample100-1980.gr;FLOYDWARSHALL;MATRIZ;1;175,7064
sample100-1980.gr;FLOYDWARSHALL;MATRIZ;2;170,3283
sample100-1980.gr;FLOYDWARSHALL;MATRIZ;3;193,4985
sample100-1980.gr;FLOYDWARSHALL;MATRIZ;4;179,7996
sample100-1980.gr;FLOYDWARSHALL;MATRIZ;5;189,5934
sample100-1980.gr;FLOYDWARSHALL;MATRIZ;6;179,6903
sample100-1980.gr;FLOYDWARSHALL;MATRIZ;7;186,2696
sample100-1980.gr;FLOYDWARSHALL;MATRIZ;8;176,1974
sample100-1980.gr;FLOYDWARSHALL;MATRIZ;9;200,4076
sample100-1980.gr;FLOYDWARSHALL;MATRIZ;10;159,8659
sample100-1980.gr;FLOYDWARSHALL;MATRIZ;11;196,0199
sample100-3960.gr;BFS;LISTA;1;2,8970
sample100-3960.gr;BFS;LISTA;2;2,5834
sample100-3960.gr;BFS;LISTA;3;2,5663
sample100-3960.gr;BFS;LISTA;4;2,5626
sample100-3960.gr;BFS;LISTA;5;2,5178
sample100-3960.gr;BFS;LISTA;6;2,5118
sample100-3960.gr;BFS;LISTA;7;2,5435
sample100-3960.gr;BFS;LISTA;8;2,4999
sample100-3960.gr;BFS;LISTA;9;2,5141
sample100-3960.gr;BFS;LISTA;10;3,0510
sample100-3960.gr;BFS;LISTA;11;2,4833
sample100-3960.gr;BFS;MATRIZ;1;2,6627
sample100-3960.gr;BFS;MATRIZ;2;2,5964
sample100-3960.gr;BFS;MATRIZ;3;2,7559
sample100-3960.gr;BFS;MATRIZ;4;2,8805
sample100-3960.gr;BFS;MATRIZ;5;3,4282
sample100-3960.gr;BFS;MATRIZ;6;2,4940
sample100-3960.gr;BFS;MATRIZ;7;2,4619
sample100-3960.gr;BFS;MATRIZ;8;2,4627
sample100-3960.gr;BFS;MATRIZ;9;2,4321
sample100-3960.gr;BFS;MATRIZ;10;2,6631
sample100-3960.gr;BFS;MATRIZ;11;2,3868
sample100-3960.gr;DFS;LISTA;1;2,4835
sample100-3960.gr;DFS;LISTA;2;2,2956
sample100-3960.gr;DFS;LISTA;3;2,2590
sample100-3960.gr;DFS;LISTA;4;2,2704
sample100-3960.gr;DFS;LISTA;5;2,4064
sample100-3960.gr;DFS;LISTA;6;2,3358
sample100-3960.gr;DFS;LISTA;7;2,3420
sample100-3960.gr;DFS;LISTA;8;2,3613
sample100-3960.gr;DFS;LISTA;9;2,2537
sample100-3960.gr;DFS;LISTA;10;2,4050
sample100-3960.gr;DFS;LISTA;11;1,7345
sample100-3960.gr;DFS;MATRIZ;1;2,9665
sample100-3960.gr;DFS;MATRIZ;2;2,3989
sample100-3960.gr;DFS;MATRIZ;3;1,4406
sample100-3960.gr;DFS;MATRIZ;4;1,4680
sample100-3960.gr;DFS;MATRIZ;5;1,4439
sample100-3960.gr;DFS;MATRIZ;6;2,7281
sample100-3960.gr;DFS;MATRIZ;7;2,2402
sample100-3960.gr;DFS;MATRIZ;8;3,5312
sample100-3960.gr;DFS;MATRIZ;9;2,5054
sample100-3960.gr;DFS;MATRIZ;10;2,3474
sample100-3960.gr;DFS;MATRIZ;11;2,2397
sample100-3960.gr;KRUSKAL;LISTA;1;3,4669
sample100-3960.gr;KRUSKAL;LISTA;2;4,1916
sample100-3960.gr;KRUSKAL;LISTA;3;3,7492
sample100-3960.gr;KRUSKAL;LISTA;4;3,5946
sample100-3960.gr;KRUSKAL;LISTA;5;3,6317
sample100-3960.gr;KRUSKAL;LISTA;6;4,2942
sample100-3960.gr;KRUSKAL;LISTA;7;4,4172
sample100-3960.gr;KRUSKAL;LISTA;8;4,4111
sample100-3960.gr;KRUSKAL;LISTA;9;4,2709
sample100-3960.gr;KRUSKAL;LISTA;10;3,8741
sample100-3960.gr;KRUSKAL;LISTA;11;4,0805
sample100-3960.gr;KRUSKAL;MATRIZ;1;3,0772
sample100-3960.gr;KRUSKAL;MATRIZ;2;3,6540
sample100-3960.gr;KRUSKAL;MATRIZ;3;4,0470
sample100-3960.gr;KRUSKAL;MATRIZ;4;4,2975
sample100-3960.gr;KRUSKAL;MATRIZ;5;4,0126
sample100-3960.gr;KRUSKAL;MATRIZ;6;3,7921
sample100-3960.gr;KRUSKAL;MATRIZ;7;3,6355
sample100-3960.gr;KRUSKAL;MATRIZ;8;3,5429
sample100-3960.gr;KRUSKAL;MATRIZ;9;3,3860
sample100-3960.gr;KRUSKAL;MATRIZ;10;5,3315
sample100-3960.gr;KRUSKAL;MATRIZ;11;3,5628
sample100-3960.gr;PRIM;LISTA;1;3,6700
sample100-3960.gr;PRIM;LISTA;2;3,9070
sample100-3960.gr;PRIM;LISTA;3;3,6078
sample100-3960.gr;PRIM;LISTA;4;3,8838
sample100-3960.gr;PRIM;LISTA;5;3,9282
sample100-3960.gr;PRIM;LISTA;6;3,8036
sample100-3960.gr;PRIM;LISTA;7;4,0803
sample100-3960.gr;PRIM;LISTA;8;4,1802
sample100-3960.gr;PRIM;LISTA;9;3,7249
sample100-3960.gr;PRIM;LISTA;10;3,6885
sample100-3960.gr;PRIM;LISTA;11;3,7735
sample100-3960.gr;PRIM;MATRIZ;1;4,2893
sample100-3960.gr;PRIM;MATRIZ;2;4,3433
sample100-3960.gr;PRIM;MATRIZ;3;4,1155
sample100-3960.gr;PRIM;MATRIZ;4;4,0034
sample100-3960.gr;PRIM;MATRIZ;5;4,2177
sample100-3960.gr;PRIM;MATRIZ;6;3,9831
sample100-3960.gr;PRIM;MATRIZ;7;3,4348
sample100-3960.gr;PRIM;MATRIZ;8;4,1434
sample100-3960.gr;PRIM;MATRIZ;9;3,9463
sample100-3960.gr;PRIM;MATRIZ;10;3,9903
sample100-3960.gr;PRIM;MATRIZ;11;4,1457
sample100-3960.gr;DIJKSTRA;LISTA;1;2,6375
sample100-3960.gr;DIJKSTRA;LISTA;2;2,6340
sample100-3960.gr;DIJKSTRA;LISTA;3;1,9805
sample100-3960.gr;DIJKSTRA;LISTA;4;1,9990
sample100-3960.gr;DIJKSTRA;LISTA;5;2,0508
sample100-3960.gr;DIJKSTRA;LISTA;6;2,0399
sample100-3960.gr;DIJKSTRA;LISTA;7;2,4690
sample100-3960.gr;DIJKSTRA;LISTA;8;2,1916
sample100-3960.gr;DIJKSTRA;LISTA;9;2,0708
sample100-3960.gr;DIJKSTRA;LISTA;10;2,9750
sample100-3960.gr;DIJKSTRA;LISTA;11;1,5863
sample100-3960.gr;DIJKSTRA;MATRIZ;1;1,8494
sample100-3960.gr;DIJKSTRA;MATRIZ;2;1,6588
sample100-3960.gr;DIJKSTRA;MATRIZ;3;3,0382
sample100-3960.gr;DIJKSTRA;MATRIZ;4;2,4787
sample100-3960.gr;DIJKSTRA;MATRIZ;5;1,6858
sample100-3960.gr;DIJKSTRA;MATRIZ;6;1,6955
sample100-3960.gr;DIJKSTRA;MATRIZ;7;1,7226
sample100-3960.gr;DIJKSTRA;MATRIZ;8;1,6259
sample100-3960.gr;DIJKSTRA;MATRIZ;9;1,5805
sample100-3960.gr;DIJKSTRA;MATRIZ;10;1,7028
sample100-3960.gr;DIJKSTRA;MATRIZ;11;2,1545
sample100-3960.gr;BELLMANFORD;LISTA;1;3,7129
sample100-3960.gr;BELLMANFORD;LISTA;2;3,4445
sample100-3960.gr;BELLMANFORD;LISTA;3;4,3948
sample100-3960.gr;BELLMANFORD;LISTA;4;3,9155
sample100-3960.gr;BELLMANFORD;LISTA;5;4,4520
sample100-3960.gr;BELLMANFORD;LISTA;6;4,4480
sample100-3960.gr;BELLMANFORD;LISTA;7;4,3452
sample100-3960.gr;BELLMANFORD;LISTA;8;4,1428
sample100-3960.gr;BELLMANFORD;LISTA;9;4,3376
sample100-3960.gr;BELLMANFORD;LISTA;10;4,5098
sample100-3960.gr;BELLMANFORD;LISTA;11;4,3908
sample100-3960.gr;BELLMANFORD;MATRIZ;1;9,9897
sample100-3960.gr;BELLMANFORD;MATRIZ;2;9,9969
sample100-3960.gr;BELLMANFORD;MATRIZ;3;12,0523
sample100-3960.gr;BELLMANFORD;MATRIZ;4;10,3764
sample100-3960.gr;BELLMANFORD;MATRIZ;5;10,8112
sample100-3960.gr;BELLMANFORD;MATRIZ;6;11,2170
sample100-3960.gr;BELLMANFORD;MATRIZ;7;10,3230
sample100-3960.gr;BELLMANFORD;MATRIZ;8;10,5227
sample100-3960.gr;BELLMANFORD;MATRIZ;9;11,6537
sample100-3960.gr;BELLMANFORD;MATRIZ;10;9,8375
sample100-3960.gr;BELLMANFORD;MATRIZ;11;11,9852
sample100-3960.gr;FLOYDWARSHALL;LISTA;1;187,5553
sample100-3960.gr;FLOYDWARSHALL;LISTA;2;179,8082
sample100-3960.gr;FLOYDWARSHALL;LISTA;3;207,2289
sample100-3960.gr;FLOYDWARSHALL;LISTA;4;167,8496
sample100-3960.gr;FLOYDWARSHALL;LISTA;5;195,8727
sample100-3960.gr;FLOYDWARSHALL;LISTA;6;171,1410
sample100-3960.gr;FLOYDWARSHALL;LISTA;7;189,7679
sample100-3960.gr;FLOYDWARSHALL;LISTA;8;175,4488
sample100-3960.gr;FLOYDWARSHALL;LISTA;9;194,4483
sample100-3960.gr;FLOYDWARSHALL;LISTA;10;164,0290
sample100-3960.gr;FLOYDWARSHALL;LISTA;11;190,8039
sample100-3960.gr;FLOYDWARSHALL;MATRIZ;1;183,0784
sample100-3960.gr;FLOYDWARSHALL;MATRIZ;2;175,6594
sample100-3960.gr;FLOYDWARSHALL;MATRIZ;3;181,5335
sample100-3960.gr;FLOYDWARSHALL;MATRIZ;4;173,0664
sample100-3960.gr;FLOYDWARSHALL;MATRIZ;5;184,8305
sample100-3960.gr;FLOYDWARSHALL;MATRIZ;6;173,2613
sample100-3960.gr;FLOYDWARSHALL;MATRIZ;7;189,7683
sample100-3960.gr;FLOYDWARSHALL;MATRIZ;8;175,6742
sample100-3960.gr;FLOYDWARSHALL;MATRIZ;9;183,0877
sample100-3960.gr;FLOYDWARSHALL;MATRIZ;10;180,8387
sample100-3960.gr;FLOYDWARSHALL;MATRIZ;11;184,5584
sample100-5940.gr;BFS;LISTA;1;20,7513
sample100-5940.gr;BFS;LISTA;2;2,0491
sample100-5940.gr;BFS;LISTA;3;2,8571
sample100-5940.gr;BFS;LISTA;4;2,9576
sample100-5940.gr;BFS;LISTA;5;5,9359
sample100-5940.gr;BFS;LISTA;6;1,4266
sample100-5940.gr;BFS;LISTA;7;3,4427
sample100-5940.gr;BFS;LISTA;8;3,8073
sample100-5940.gr;BFS;LISTA;9;2,7125
sample100-5940.gr;BFS;LISTA;10;1,5762
sample100-5940.gr;BFS;LISTA;11;2,0544
sample100-5940.gr;BFS;MATRIZ;1;3,1182
sample100-5940.gr;BFS;MATRIZ;2;8,3937
sample100-5940.gr;BFS;MATRIZ;3;3,1108
sample100-5940.gr;BFS;MATRIZ;4;3,3295
sample100-5940.gr;BFS;MATRIZ;5;2,6665
sample100-5940.gr;BFS;MATRIZ;6;2,6416
sample100-5940.gr;BFS;MATRIZ;7;2,7989
sample100-5940.gr;BFS;MATRIZ;8;3,3906
sample100-5940.gr;BFS;MATRIZ;9;2,8754
sample100-5940.gr;BFS;MATRIZ;10;3,0826
sample100-5940.gr;BFS;MATRIZ;11;3,2913
sample100-5940.gr;DFS;LISTA;1;2,9312
sample100-5940.gr;DFS;LISTA;2;2,7269
sample100-5940.gr;DFS;LISTA;3;3,1582
sample100-5940.gr;DFS;LISTA;4;2,7354
sample100-5940.gr;DFS;LISTA;5;3,6157
sample100-5940.gr;DFS;LISTA;6;2,8619
sample100-5940.gr;DFS;LISTA;7;2,6166
sample100-5940.gr;DFS;LISTA;8;3,1672
sample100-5940.gr;DFS;LISTA;9;2,6984
sample100-5940.gr;DFS;LISTA;10;2,4501
sample100-5940.gr;DFS;LISTA;11;2,2677
sample100-5940.gr;DFS;MATRIZ;1;3,3939
sample100-5940.gr;DFS;MATRIZ;2;2,9622
sample100-5940.gr;DFS;MATRIZ;3;2,6089
sample100-5940.gr;DFS;MATRIZ;4;2,5407
sample100-5940.gr;DFS;MATRIZ;5;2,4258
sample100-5940.gr;DFS;MATRIZ;6;2,3557
sample100-5940.gr;DFS;MATRIZ;7;2,4092
sample100-5940.gr;DFS;MATRIZ;8;2,4757
sample100-5940.gr;DFS;MATRIZ;9;2,4946
sample100-5940.gr;DFS;MATRIZ;10;2,3834
sample100-5940.gr;DFS;MATRIZ;11;2,3274
sample100-5940.gr;KRUSKAL;LISTA;1;4,0462
sample100-5940.gr;KRUSKAL;LISTA;2;3,8579
sample100-5940.gr;KRUSKAL;LISTA;3;3,7220
sample100-5940.gr;KRUSKAL;LISTA;4;3,8912
sample100-5940.gr;KRUSKAL;LISTA;5;3,4681
sample100-5940.gr;KRUSKAL;LISTA;6;2,8470
sample100-5940.gr;KRUSKAL;LISTA;7;3,1372
sample100-5940.gr;KRUSKAL;LISTA;8;2,8297
sample100-5940.gr;KRUSKAL;LISTA;9;2,9545
sample100-5940.gr;KRUSKAL;LISTA;10;3,3447
sample100-5940.gr;KRUSKAL;LISTA;11;3,7279
sample100-5940.gr;KRUSKAL;MATRIZ;1;3,9083
sample100-5940.gr;KRUSKAL;MATRIZ;2;2,9776
sample100-5940.gr;KRUSKAL;MATRIZ;3;3,7533
sample100-5940.gr;KRUSKAL;MATRIZ;4;4,0908
sample100-5940.gr;KRUSKAL;MATRIZ;5;3,9037
sample100-5940.gr;KRUSKAL;MATRIZ;6;3,6790
sample100-5940.gr;KRUSKAL;MATRIZ;7;3,7994
sample100-5940.gr;KRUSKAL;MATRIZ;8;3,6049
sample100-5940.gr;KRUSKAL;MATRIZ;9;3,7082
sample100-5940.gr;KRUSKAL;MATRIZ;10;3,6008
sample100-5940.gr;KRUSKAL;MATRIZ;11;3,5906
sample100-5940.gr;PRIM;LISTA;1;4,5191
sample100-5940.gr;PRIM;LISTA;2;4,4718
sample100-5940.gr;PRIM;LISTA;3;4,3333
sample100-5940.gr;PRIM;LISTA;4;4,2433
sample100-5940.gr;PRIM;LISTA;5;4,4373
sample100-5940.gr;PRIM;LISTA;6;4,4546
sample100-5940.gr;PRIM;LISTA;7;4,3302
sample100-5940.gr;PRIM;LISTA;8;4,6421
sample100-5940.gr;PRIM;LISTA;9;4,7755
sample100-5940.gr;PRIM;LISTA;10;4,4275
sample100-5940.gr;PRIM;LISTA;11;4,3971
sample100-5940.gr;PRIM;MATRIZ;1;4,2962
sample100-5940.gr;PRIM;MATRIZ;2;4,4130
sample100-5940.gr;PRIM;MATRIZ;3;4,4631
sample100-5940.gr;PRIM;MATRIZ;4;4,4208
sample100-5940.gr;PRIM;MATRIZ;5;4,4726
sample100-5940.gr;PRIM;MATRIZ;6;4,5848
sample100-5940.gr;PRIM;MATRIZ;7;4,1643
sample100-5940.gr;PRIM;MATRIZ;8;4,0882
sample100-5940.gr;PRIM;MATRIZ;9;4,3391
sample100-5940.gr;PRIM;MATRIZ;10;4,3410
sample100-5940.gr;PRIM;MATRIZ;11;4,3535
sample100-5940.gr;DIJKSTRA;LISTA;1;2,8405
sample100-5940.gr;DIJKSTRA;LISTA;2;2,6452
sample100-5940.gr;DIJKSTRA;LISTA;3;2,5968
sample100-5940.gr;DIJKSTRA;LISTA;4;2,5820
sample100-5940.gr;DIJKSTRA;LISTA;5;2,5434
sample100-5940.gr;DIJKSTRA;LISTA;6;2,5692
sample100-5940.gr;DIJKSTRA;LISTA;7;1,8161
sample100-5940.gr;DIJKSTRA;LISTA;8;2,3888
sample100-5940.gr;DIJKSTRA;LISTA;9;2,9962
sample100-5940.gr;DIJKSTRA;LISTA;10;3,0409
sample100-5940.gr;DIJKSTRA;LISTA;11;2,8109
sample100-5940.gr;DIJKSTRA;MATRIZ;1;3,2010
sample100-5940.gr;DIJKSTRA;MATRIZ;2;2,7837
sample100-5940.gr;DIJKSTRA;MATRIZ;3;2,9304
sample100-5940.gr;DIJKSTRA;MATRIZ;4;2,9070
sample100-5940.gr;DIJKSTRA;MATRIZ;5;2,9141
sample100-5940.gr;DIJKSTRA;MATRIZ;6;2,8998
sample100-5940.gr;DIJKSTRA;MATRIZ;7;2,8566
sample100-5940.gr;DIJKSTRA;MATRIZ;8;1,5002
sample100-5940.gr;DIJKSTRA;MATRIZ;9;2,1566
sample100-5940.gr;DIJKSTRA;MATRIZ;10;2,9016
sample100-5940.gr;DIJKSTRA;MATRIZ;11;2,8670
sample100-5940.gr;BELLMANFORD;LISTA;1;4,1262
sample100-5940.gr;BELLMANFORD;LISTA;2;4,0126
sample100-5940.gr;BELLMANFORD;LISTA;3;3,9086
sample100-5940.gr;BELLMANFORD;LISTA;4;3,3580
sample100-5940.gr;BELLMANFORD;LISTA;5;3,9919
sample100-5940.gr;BELLMANFORD;LISTA;6;3,4332
sample100-5940.gr;BELLMANFORD;LISTA;7;3,9830
sample100-5940.gr;BELLMANFORD;LISTA;8;3,9109
sample100-5940.gr;BELLMANFORD;LISTA;9;3,4351
sample100-5940.gr;BELLMANFORD;LISTA;10;2,1368
sample100-5940.gr;BELLMANFORD;LISTA;11;2,0031
sample100-5940.gr;BELLMANFORD;MATRIZ;1;9,6236
sample100-5940.gr;BELLMANFORD;MATRIZ;2;8,0993
sample100-5940.gr;BELLMANFORD;MATRIZ;3;7,8614
sample100-5940.gr;BELLMANFORD;MATRIZ;4;9,7887
sample100-5940.gr;BELLMANFORD;MATRIZ;5;8,6240
sample100-5940.gr;BELLMANFORD;MATRIZ;6;8,4946
sample100-5940.gr;BELLMANFORD;MATRIZ;7;9,9840
sample100-5940.gr;BELLMANFORD;MATRIZ;8;7,8823
sample100-5940.gr;BELLMANFORD;MATRIZ;9;8,3428
sample100-5940.gr;BELLMANFORD;MATRIZ;10;9,6759
sample100-5940.gr;BELLMANFORD;MATRIZ;11;8,5617
sample100-5940.gr;FLOYDWARSHALL;LISTA;1;145,5582
sample100-5940.gr;FLOYDWARSHALL;LISTA;2;186,0097
sample100-5940.gr;FLOYDWARSHALL;LISTA;3;194,9747
sample100-5940.gr;FLOYDWARSHALL;LISTA;4;199,5588
sample100-5940.gr;FLOYDWARSHALL;LISTA;5;169,4210
sample100-5940.gr;FLOYDWARSHALL;LISTA;6;175,4758
sample100-5940.gr;FLOYDWARSHALL;LISTA;7;183,0660
sample100-5940.gr;FLOYDWARSHALL;LISTA;8;177,4729
sample100-5940.gr;FLOYDWARSHALL;LISTA;9;184,0009
sample100-5940.gr;FLOYDWARSHALL;LISTA;10;177,5823
sample100-5940.gr;FLOYDWARSHALL;LISTA;11;182,0920
sample100-5940.gr;FLOYDWARSHALL;MATRIZ;1;176,7059
sample100-5940.gr;FLOYDWARSHALL;MATRIZ;2;183,1599
sample100-5940.gr;FLOYDWARSHALL;MATRIZ;3;179,8716
sample100-5940.gr;FLOYDWARSHALL;MATRIZ;4;199,9859
sample100-5940.gr;FLOYDWARSHALL;MATRIZ;5;170,6376
sample100-5940.gr;FLOYDWARSHALL;MATRIZ;6;190,2805
sample100-5940.gr;FLOYDWARSHALL;MATRIZ;7;175,8874
sample100-5940.gr;FLOYDWARSHALL;MATRIZ;8;171,0866
sample100-5940.gr;FLOYDWARSHALL;MATRIZ;9;192,7301
sample100-5940.gr;FLOYDWARSHALL;MATRIZ;10;169,4022
sample100-5940.gr;FLOYDWARSHALL;MATRIZ;11;195,2750
sample100-7920.gr;BFS;LISTA;1;3,7750
sample100-7920.gr;BFS;LISTA;2;2,2462
sample100-7920.gr;BFS;LISTA;3;2,2535
sample100-7920.gr;BFS;LISTA;4;2,2834
sample100-7920.gr;BFS;LISTA;5;2,3633
sample100-7920.gr;BFS;LISTA;6;2,7750
sample100-7920.gr;BFS;LISTA;7;2,2641
sample100-7920.gr;BFS;LISTA;8;2,3806
sample100-7920.gr;BFS;LISTA;9;3,2445
sample100-7920.gr;BFS;LISTA;10;3,5904
sample100-7920.gr;BFS;LISTA;11;3,5653
sample100-7920.gr;BFS;MATRIZ;1;3,2854
sample100-7920.gr;BFS;MATRIZ;2;3,0463
sample100-7920.gr;BFS;MATRIZ;3;3,3512
sample100-7920.gr;BFS;MATRIZ;4;3,6639
sample100-7920.gr;BFS;MATRIZ;5;3,2279
sample100-7920.gr;BFS;MATRIZ;6;3,1932
sample100-7920.gr;BFS;MATRIZ;7;3,4009
sample100-7920.gr;BFS;MATRIZ;8;3,1602
sample100-7920.gr;BFS;MATRIZ;9;2,8667
sample100-7920.gr;BFS;MATRIZ;10;2,2096
sample100-7920.gr;BFS;MATRIZ;11;3,5200
sample100-7920.gr;DFS;LISTA;1;2,9273
sample100-7920.gr;DFS;LISTA;2;2,7757
sample100-7920.gr;DFS;LISTA;3;3,1593
sample100-7920.gr;DFS;LISTA;4;3,1067
sample100-7920.gr;DFS;LISTA;5;2,4590
sample100-7920.gr;DFS;LISTA;6;2,6632
sample100-7920.gr;DFS;LISTA;7;3,8476
sample100-7920.gr;DFS;LISTA;8;2,7272
sample100-7920.gr;DFS;LISTA;9;2,4693
sample100-7920.gr;DFS;LISTA;10;2,3190
sample100-7920.gr;DFS;LISTA;11;2,3266
sample100-7920.gr;DFS;MATRIZ;1;2,4932
sample100-7920.gr;DFS;MATRIZ;2;2,7327
sample100-7920.gr;DFS;MATRIZ;3;2,5946
sample100-7920.gr;DFS;MATRIZ;4;2,4459
sample100-7920.gr;DFS;MATRIZ;5;2,4796
sample100-7920.gr;DFS;MATRIZ;6;2,5508
sample100-7920.gr;DFS;MATRIZ;7;2,5196
sample100-7920.gr;DFS;MATRIZ;8;2,7763
sample100-7920.gr;DFS;MATRIZ;9;4,6494
sample100-7920.gr;DFS;MATRIZ;10;2,5986
sample100-7920.gr;DFS;MATRIZ;11;2,5571
sample100-7920.gr;KRUSKAL;LISTA;1;4,1793
sample100-7920.gr;KRUSKAL;LISTA;2;4,1747
sample100-7920.gr;KRUSKAL;LISTA;3;5,3918
sample100-7920.gr;KRUSKAL;LISTA;4;5,0004
sample100-7920.gr;KRUSKAL;LISTA;5;5,0841
sample100-7920.gr;KRUSKAL;LISTA;6;4,1560
sample100-7920.gr;KRUSKAL;LISTA;7;3,7374
sample100-7920.gr;KRUSKAL;LISTA;8;4,0943
sample100-7920.gr;KRUSKAL;LISTA;9;3,8838
sample100-7920.gr;KRUSKAL;LISTA;10;4,0978
sample100-7920.gr;KRUSKAL;LISTA;11;3,7410
sample100-7920.gr;KRUSKAL;MATRIZ;1;4,1242
sample100-7920.gr;KRUSKAL;MATRIZ;2;3,8181
sample100-7920.gr;KRUSKAL;MATRIZ;3;3,7946
sample100-7920.gr;KRUSKAL;MATRIZ;4;3,8067
sample100-7920.gr;KRUSKAL;MATRIZ;5;4,0055
sample100-7920.gr;KRUSKAL;MATRIZ;6;3,8217
sample100-7920.gr;KRUSKAL;MATRIZ;7;3,7472
sample100-7920.gr;KRUSKAL;MATRIZ;8;3,7650
sample100-7920.gr;KRUSKAL;MATRIZ;9;3,8694
sample100-7920.gr;KRUSKAL;MATRIZ;10;3,9620
sample100-7920.gr;KRUSKAL;MATRIZ;11;3,7429
sample100-7920.gr;PRIM;LISTA;1;4,6497
sample100-7920.gr;PRIM;LISTA;2;3,9347
sample100-7920.gr;PRIM;LISTA;3;4,5393
sample100-7920.gr;PRIM;LISTA;4;4,5789
sample100-7920.gr;PRIM;LISTA;5;4,6432
sample100-7920.gr;PRIM;LISTA;6;4,7986
sample100-7920.gr;PRIM;LISTA;7;4,5851
sample100-7920.gr;PRIM;LISTA;8;2,8961
sample100-7920.gr;PRIM;LISTA;9;2,8056
sample100-7920.gr;PRIM;LISTA;10;3,0409
sample100-7920.gr;PRIM;LISTA;11;2,5847
sample100-7920.gr;PRIM;MATRIZ;1;2,6832
sample100-7920.gr;PRIM;MATRIZ;2;3,2518
sample100-7920.gr;PRIM;MATRIZ;3;2,8803
sample100-7920.gr;PRIM;MATRIZ;4;3,3120
sample100-7920.gr;PRIM;MATRIZ;5;2,9117
sample100-7920.gr;PRIM;MATRIZ;6;3,3465
sample100-7920.gr;PRIM;MATRIZ;7;2,9925
sample100-7920.gr;PRIM;MATRIZ;8;3,2741
sample100-7920.gr;PRIM;MATRIZ;9;3,1182
sample100-7920.gr;PRIM;MATRIZ;10;3,4063
sample100-7920.gr;PRIM;MATRIZ;11;2,8787
sample100-7920.gr;DIJKSTRA;LISTA;1;1,4458
sample100-7920.gr;DIJKSTRA;LISTA;2;1,2881
sample100-7920.gr;DIJKSTRA;LISTA;3;1,2505
sample100-7920.gr;DIJKSTRA;LISTA;4;1,2799
sample100-7920.gr;DIJKSTRA;LISTA;5;1,2507
sample100-7920.gr;DIJKSTRA;LISTA;6;1,2880
sample100-7920.gr;DIJKSTRA;LISTA;7;1,2766
sample100-7920.gr;DIJKSTRA;LISTA;8;1,2716
sample100-7920.gr;DIJKSTRA;LISTA;9;1,2614
sample100-7920.gr;DIJKSTRA;LISTA;10;1,2201
sample100-7920.gr;DIJKSTRA;LISTA;11;1,2264
sample100-7920.gr;DIJKSTRA;MATRIZ;1;1,7059
sample100-7920.gr;DIJKSTRA;MATRIZ;2;1,7402
sample100-7920.gr;DIJKSTRA;MATRIZ;3;1,7057
sample100-7920.gr;DIJKSTRA;MATRIZ;4;1,5857
sample100-7920.gr;DIJKSTRA;MATRIZ;5;1,5969
sample100-7920.gr;DIJKSTRA;MATRIZ;6;1,7309
sample100-7920.gr;DIJKSTRA;MATRIZ;7;1,6261
sample100-7920.gr;DIJKSTRA;MATRIZ;8;1,6555
sample100-7920.gr;DIJKSTRA;MATRIZ;9;1,6596
sample100-7920.gr;DIJKSTRA;MATRIZ;10;1,6718
sample100-7920.gr;DIJKSTRA;MATRIZ;11;1,6407
sample100-7920.gr;BELLMANFORD;LISTA;1;2,0413
sample100-7920.gr;BELLMANFORD;LISTA;2;1,9545
sample100-7920.gr;BELLMANFORD;LISTA;3;2,1158
sample100-7920.gr;BELLMANFORD;LISTA;4;1,9700
sample100-7920.gr;BELLMANFORD;LISTA;5;2,0251
sample100-7920.gr;BELLMANFORD;LISTA;6;2,0856
sample100-7920.gr;BELLMANFORD;LISTA;7;2,0333
sample100-7920.gr;BELLMANFORD;LISTA;8;1,9315
sample100-7920.gr;BELLMANFORD;LISTA;9;1,9912
sample100-7920.gr;BELLMANFORD;LISTA;10;1,9824
sample100-7920.gr;BELLMANFORD;LISTA;11;2,1019
sample100-7920.gr;BELLMANFORD;MATRIZ;1;12,2297
sample100-7920.gr;BELLMANFORD;MATRIZ;2;8,8986
sample100-7920.gr;BELLMANFORD;MATRIZ;3;9,5684
sample100-7920.gr;BELLMANFORD;MATRIZ;4;8,0720
sample100-7920.gr;BELLMANFORD;MATRIZ;5;7,7391
sample100-7920.gr;BELLMANFORD;MATRIZ;6;8,1560
sample100-7920.gr;BELLMANFORD;MATRIZ;7;9,1901
sample100-7920.gr;BELLMANFORD;MATRIZ;8;8,0068
sample100-7920.gr;BELLMANFORD;MATRIZ;9;7,6213
sample100-7920.gr;BELLMANFORD;MATRIZ;10;8,3693
sample100-7920.gr;BELLMANFORD;MATRIZ;11;9,6866
sample100-7920.gr;FLOYDWARSHALL;LISTA;1;154,2872
sample100-7920.gr;FLOYDWARSHALL;LISTA;2;195,7256
sample100-7920.gr;FLOYDWARSHALL;LISTA;3;179,0698
sample100-7920.gr;FLOYDWARSHALL;LISTA;4;168,2150
sample100-7920.gr;FLOYDWARSHALL;LISTA;5;168,3225
sample100-7920.gr;FLOYDWARSHALL;LISTA;6;194,7613
sample100-7920.gr;FLOYDWARSHALL;LISTA;7;179,8838
sample100-7920.gr;FLOYDWARSHALL;LISTA;8;173,4491
sample100-7920.gr;FLOYDWARSHALL;LISTA;9;183,9355
sample100-7920.gr;FLOYDWARSHALL;LISTA;10;161,4684
sample100-7920.gr;FLOYDWARSHALL;LISTA;11;185,5387
sample100-7920.gr;FLOYDWARSHALL;MATRIZ;1;174,0377
sample100-7920.gr;FLOYDWARSHALL;MATRIZ;2;183,4816
sample100-7920.gr;FLOYDWARSHALL;MATRIZ;3;175,8257
sample100-7920.gr;FLOYDWARSHALL;MATRIZ;4;181,0129
sample100-7920.gr;FLOYDWARSHALL;MATRIZ;5;175,4272
sample100-7920.gr;FLOYDWARSHALL;MATRIZ;6;181,5098
sample100-7920.gr;FLOYDWARSHALL;MATRIZ;7;176,8107
sample100-7920.gr;FLOYDWARSHALL;MATRIZ;8;178,1726
sample100-7920.gr;FLOYDWARSHALL;MATRIZ;9;180,6366
sample100-7920.gr;FLOYDWARSHALL;MATRIZ;10;161,5336
sample100-7920.gr;FLOYDWARSHALL;MATRIZ;11;170,4386
sample100-9900.gr;BFS;LISTA;1;1,2022
sample100-9900.gr;BFS;LISTA;2;1,2947
sample100-9900.gr;BFS;LISTA;3;1,3662
sample100-9900.gr;BFS;LISTA;4;1,2630
sample100-9900.gr;BFS;LISTA;5;1,2247
sample100-9900.gr;BFS;LISTA;6;1,2521
sample100-9900.gr;BFS;LISTA;7;1,0339
sample100-9900.gr;BFS;LISTA;8;1,0614
sample100-9900.gr;BFS;LISTA;9;1,0469
sample100-9900.gr;BFS;LISTA;10;0,9998
sample100-9900.gr;BFS;LISTA;11;1,1131
sample100-9900.gr;BFS;MATRIZ;1;1,4189
sample100-9900.gr;BFS;MATRIZ;2;1,4152
sample100-9900.gr;BFS;MATRIZ;3;1,3696
sample100-9900.gr;BFS;MATRIZ;4;1,6007
sample100-9900.gr;BFS;MATRIZ;5;1,5592
sample100-9900.gr;BFS;MATRIZ;6;1,5489
sample100-9900.gr;BFS;MATRIZ;7;1,5721
sample100-9900.gr;BFS;MATRIZ;8;1,5517
sample100-9900.gr;BFS;MATRIZ;9;1,5613
sample100-9900.gr;BFS;MATRIZ;10;1,4971
sample100-9900.gr;BFS;MATRIZ;11;1,5786
sample100-9900.gr;DFS;LISTA;1;1,3981
sample100-9900.gr;DFS;LISTA;2;1,9241
sample100-9900.gr;DFS;LISTA;3;2,3064
sample100-9900.gr;DFS;LISTA;4;2,3273
sample100-9900.gr;DFS;LISTA;5;2,3030
sample100-9900.gr;DFS;LISTA;6;2,2684
sample100-9900.gr;DFS;LISTA;7;2,2677
sample100-9900.gr;DFS;LISTA;8;2,1891
sample100-9900.gr;DFS;LISTA;9;2,2667
sample100-9900.gr;DFS;LISTA;10;2,2558
sample100-9900.gr;DFS;LISTA;11;2,2684
sample100-9900.gr;DFS;MATRIZ;1;2,3453
sample100-9900.gr;DFS;MATRIZ;2;2,3840
sample100-9900.gr;DFS;MATRIZ;3;2,4111
sample100-9900.gr;DFS;MATRIZ;4;2,3314
sample100-9900.gr;DFS;MATRIZ;5;2,3322
sample100-9900.gr;DFS;MATRIZ;6;2,3642
sample100-9900.gr;DFS;MATRIZ;7;2,3462
sample100-9900.gr;DFS;MATRIZ;8;2,3193
sample100-9900.gr;DFS;MATRIZ;9;2,3876
sample100-9900.gr;DFS;MATRIZ;10;2,3577
sample100-9900.gr;DFS;MATRIZ;11;2,3894
sample100-9900.gr;KRUSKAL;LISTA;1;3,8192
sample100-9900.gr;KRUSKAL;LISTA;2;3,4978
sample100-9900.gr;KRUSKAL;LISTA;3;3,6483
sample100-9900.gr;KRUSKAL;LISTA;4;3,6863
sample100-9900.gr;KRUSKAL;LISTA;5;3,6177
sample100-9900.gr;KRUSKAL;LISTA;6;3,6016
sample100-9900.gr;KRUSKAL;LISTA;7;3,0702
sample100-9900.gr;KRUSKAL;LISTA;8;3,3426
sample100-9900.gr;KRUSKAL;LISTA;9;3,6382
sample100-9900.gr;KRUSKAL;LISTA;10;3,7214
sample100-9900.gr;KRUSKAL;LISTA;11;3,7951
sample100-9900.gr;KRUSKAL;MATRIZ;1;3,8594
sample100-9900.gr;KRUSKAL;MATRIZ;2;3,9272
sample100-9900.gr;KRUSKAL;MATRIZ;3;3,7427
sample100-9900.gr;KRUSKAL;MATRIZ;4;3,8156
sample100-9900.gr;KRUSKAL;MATRIZ;5;3,7679
sample100-9900.gr;KRUSKAL;MATRIZ;6;3,6972
sample100-9900.gr;KRUSKAL;MATRIZ;7;2,6813
sample100-9900.gr;KRUSKAL;MATRIZ;8;2,7030
sample100-9900.gr;KRUSKAL;MATRIZ;9;2,7935
sample100-9900.gr;KRUSKAL;MATRIZ;10;2,7165
sample100-9900.gr;KRUSKAL;MATRIZ;11;2,7730
sample100-9900.gr;PRIM;LISTA;1;2,9089
sample100-9900.gr;PRIM;LISTA;2;2,9813
sample100-9900.gr;PRIM;LISTA;3;2,8444
sample100-9900.gr;PRIM;LISTA;4;2,8915
sample100-9900.gr;PRIM;LISTA;5;2,8731
sample100-9900.gr;PRIM;LISTA;6;2,8478
sample100-9900.gr;PRIM;LISTA;7;2,7692
sample100-9900.gr;PRIM;LISTA;8;2,6706
sample100-9900.gr;PRIM;LISTA;9;2,6753
sample100-9900.gr;PRIM;LISTA;10;2,8609
sample100-9900.gr;PRIM;LISTA;11;2,8887
sample100-9900.gr;PRIM;MATRIZ;1;3,2835
sample100-9900.gr;PRIM;MATRIZ;2;2,9370
sample100-9900.gr;PRIM;MATRIZ;3;3,2271
sample100-9900.gr;PRIM;MATRIZ;4;2,9603
sample100-9900.gr;PRIM;MATRIZ;5;3,1874
sample100-9900.gr;PRIM;MATRIZ;6;2,9719
sample100-9900.gr;PRIM;MATRIZ;7;3,1455
sample100-9900.gr;PRIM;MATRIZ;8;2,9099
sample100-9900.gr;PRIM;MATRIZ;9;3,0811
sample100-9900.gr;PRIM;MATRIZ;10;2,9382
sample100-9900.gr;PRIM;MATRIZ;11;3,0766
sample100-9900.gr;DIJKSTRA;LISTA;1;1,4504
sample100-9900.gr;DIJKSTRA;LISTA;2;1,2796
sample100-9900.gr;DIJKSTRA;LISTA;3;1,2559
sample100-9900.gr;DIJKSTRA;LISTA;4;1,2334
sample100-9900.gr;DIJKSTRA;LISTA;5;1,2428
sample100-9900.gr;DIJKSTRA;LISTA;6;1,2351
sample100-9900.gr;DIJKSTRA;LISTA;7;1,5298
sample100-9900.gr;DIJKSTRA;LISTA;8;1,2981
sample100-9900.gr;DIJKSTRA;LISTA;9;1,3880
sample100-9900.gr;DIJKSTRA;LISTA;10;1,3805
sample100-9900.gr;DIJKSTRA;LISTA;11;1,2335
sample100-9900.gr;DIJKSTRA;MATRIZ;1;1,5159
sample100-9900.gr;DIJKSTRA;MATRIZ;2;1,4921
sample100-9900.gr;DIJKSTRA;MATRIZ;3;1,5276
sample100-9900.gr;DIJKSTRA;MATRIZ;4;1,4748
sample100-9900.gr;DIJKSTRA;MATRIZ;5;1,4848
sample100-9900.gr;DIJKSTRA;MATRIZ;6;1,4808
sample100-9900.gr;DIJKSTRA;MATRIZ;7;1,5118
sample100-9900.gr;DIJKSTRA;MATRIZ;8;1,4464
sample100-9900.gr;DIJKSTRA;MATRIZ;9;1,7459
sample100-9900.gr;DIJKSTRA;MATRIZ;10;1,4911
sample100-9900.gr;DIJKSTRA;MATRIZ;11;1,4892
sample100-9900.gr;BELLMANFORD;LISTA;1;3,2381
sample100-9900.gr;BELLMANFORD;LISTA;2;4,2780
sample100-9900.gr;BELLMANFORD;LISTA;3;4,2481
sample100-9900.gr;BELLMANFORD;LISTA;4;3,2906
sample100-9900.gr;BELLMANFORD;LISTA;5;4,1242
sample100-9900.gr;BELLMANFORD;LISTA;6;3,2764
sample100-9900.gr;BELLMANFORD;LISTA;7;3,9897
sample100-9900.gr;BELLMANFORD;LISTA;8;3,3592
sample100-9900.gr;BELLMANFORD;LISTA;9;4,0770
sample100-9900.gr;BELLMANFORD;LISTA;10;4,1621
sample100-9900.gr;BELLMANFORD;LISTA;11;4,0847
sample100-9900.gr;BELLMANFORD;MATRIZ;1;10,6968
sample100-9900.gr;BELLMANFORD;MATRIZ;2;10,2465
sample100-9900.gr;BELLMANFORD;MATRIZ;3;9,2731
sample100-9900.gr;BELLMANFORD;MATRIZ;4;9,4299
sample100-9900.gr;BELLMANFORD;MATRIZ;5;10,5511
sample100-9900.gr;BELLMANFORD;MATRIZ;6;9,5798
sample100-9900.gr;BELLMANFORD;MATRIZ;7;10,0933
sample100-9900.gr;BELLMANFORD;MATRIZ;8;8,4908
sample100-9900.gr;BELLMANFORD;MATRIZ;9;9,2907
sample100-9900.gr;BELLMANFORD;MATRIZ;10;7,6451
sample100-9900.gr;BELLMANFORD;MATRIZ;11;8,1096
sample100-9900.gr;FLOYDWARSHALL;LISTA;1;162,6012
sample100-9900.gr;FLOYDWARSHALL;LISTA;2;163,8725
sample100-9900.gr;FLOYDWARSHALL;LISTA;3;163,2231
sample100-9900.gr;FLOYDWARSHALL;LISTA;4;175,5387
sample100-9900.gr;FLOYDWARSHALL;LISTA;5;160,7711
sample100-9900.gr;FLOYDWARSHALL;LISTA;6;154,9479
sample100-9900.gr;FLOYDWARSHALL;LISTA;7;166,2801
sample100-9900.gr;FLOYDWARSHALL;LISTA;8;178,7821
sample100-9900.gr;FLOYDWARSHALL;LISTA;9;179,2292
sample100-9900.gr;FLOYDWARSHALL;LISTA;10;173,0060
sample100-9900.gr;FLOYDWARSHALL;LISTA;11;182,9983
sample100-9900.gr;FLOYDWARSHALL;MATRIZ;1;173,3428
sample100-9900.gr;FLOYDWARSHALL;MATRIZ;2;187,4723
sample100-9900.gr;FLOYDWARSHALL;MATRIZ;3;177,6416
sample100-9900.gr;FLOYDWARSHALL;MATRIZ;4;181,9916
sample100-9900.gr;FLOYDWARSHALL;MATRIZ;5;184,5468
sample100-9900.gr;FLOYDWARSHALL;MATRIZ;6;181,6762
sample100-9900.gr;FLOYDWARSHALL;MATRIZ;7;184,6475
sample100-9900.gr;FLOYDWARSHALL;MATRIZ;8;174,4574
sample100-9900.gr;FLOYDWARSHALL;MATRIZ;9;184,2381
sample100-9900.gr;FLOYDWARSHALL;MATRIZ;10;179,0003
sample100-9900.gr;FLOYDWARSHALL;MATRIZ;11;189,1101
sample200-15920.gr;BFS;LISTA;1;5,2992
sample200-15920.gr;BFS;LISTA;2;4,9241
sample200-15920.gr;BFS;LISTA;3;4,9072
sample200-15920.gr;BFS;LISTA;4;4,9784
sample200-15920.gr;BFS;LISTA;5;4,9820
sample200-15920.gr;BFS;LISTA;6;3,9843
sample200-15920.gr;BFS;LISTA;7;3,8858
sample200-15920.gr;BFS;LISTA;8;3,1381
sample200-15920.gr;BFS;LISTA;9;3,2521
sample200-15920.gr;BFS;LISTA;10;3,4224
sample200-15920.gr;BFS;LISTA;11;4,2225
sample200-15920.gr;BFS;MATRIZ;1;5,4082
sample200-15920.gr;BFS;MATRIZ;2;5,3193
sample200-15920.gr;BFS;MATRIZ;3;5,3565
sample200-15920.gr;BFS;MATRIZ;4;5,5590
sample200-15920.gr;BFS;MATRIZ;5;5,4155
sample200-15920.gr;BFS;MATRIZ;6;5,4441
sample200-15920.gr;BFS;MATRIZ;7;5,5745
sample200-15920.gr;BFS;MATRIZ;8;5,4168
sample200-15920.gr;BFS;MATRIZ;9;4,2693
sample200-15920.gr;BFS;MATRIZ;10;3,6893
sample200-15920.gr;BFS;MATRIZ;11;3,5162
sample200-15920.gr;DFS;LISTA;1;2,6100
sample200-15920.gr;DFS;LISTA;2;2,3717
sample200-15920.gr;DFS;LISTA;3;2,2989
sample200-15920.gr;DFS;LISTA;4;2,3169
sample200-15920.gr;DFS;LISTA;5;2,3350
sample200-15920.gr;DFS;LISTA;6;2,1788
sample200-15920.gr;DFS;LISTA;7;2,2141
sample200-15920.gr;DFS;LISTA;8;2,2441
sample200-15920.gr;DFS;LISTA;9;2,1699
sample200-15920.gr;DFS;LISTA;10;2,2626
sample200-15920.gr;DFS;LISTA;11;2,4101
sample200-15920.gr;DFS;MATRIZ;1;3,5776
sample200-15920.gr;DFS;MATRIZ;2;3,4901
sample200-15920.gr;DFS;MATRIZ;3;3,3809
sample200-15920.gr;DFS;MATRIZ;4;3,4878
sample200-15920.gr;DFS;MATRIZ;5;3,4342
sample200-15920.gr;DFS;MATRIZ;6;3,4118
sample200-15920.gr;DFS;MATRIZ;7;3,4320
sample200-15920.gr;DFS;MATRIZ;8;3,3795
sample200-15920.gr;DFS;MATRIZ;9;3,4372
sample200-15920.gr;DFS;MATRIZ;10;3,3252
sample200-15920.gr;DFS;MATRIZ;11;3,3766
sample200-15920.gr;KRUSKAL;LISTA;1;6,9250
sample200-15920.gr;KRUSKAL;LISTA;2;6,8279
sample200-15920.gr;KRUSKAL;LISTA;3;6,8648
sample200-15920.gr;KRUSKAL;LISTA;4;7,5807
sample200-15920.gr;KRUSKAL;LISTA;5;6,2028
sample200-15920.gr;KRUSKAL;LISTA;6;5,9703
sample200-15920.gr;KRUSKAL;LISTA;7;8,4674
sample200-15920.gr;KRUSKAL;LISTA;8;8,7703
sample200-15920.gr;KRUSKAL;LISTA;9;8,8426
sample200-15920.gr;KRUSKAL;LISTA;10;6,2230
sample200-15920.gr;KRUSKAL;LISTA;11;6,3239
sample200-15920.gr;KRUSKAL;MATRIZ;1;8,7859
sample200-15920.gr;KRUSKAL;MATRIZ;2;8,9191
sample200-15920.gr;KRUSKAL;MATRIZ;3;9,0150
sample200-15920.gr;KRUSKAL;MATRIZ;4;8,9068
sample200-15920.gr;KRUSKAL;MATRIZ;5;8,6781
sample200-15920.gr;KRUSKAL;MATRIZ;6;8,0010
sample200-15920.gr;KRUSKAL;MATRIZ;7;6,6023
sample200-15920.gr;KRUSKAL;MATRIZ;8;6,9491
sample200-15920.gr;KRUSKAL;MATRIZ;9;6,1901
sample200-15920.gr;KRUSKAL;MATRIZ;10;6,3296
sample200-15920.gr;KRUSKAL;MATRIZ;11;6,2549
sample200-15920.gr;PRIM;LISTA;1;7,0482
sample200-15920.gr;PRIM;LISTA;2;7,1275
sample200-15920.gr;PRIM;LISTA;3;7,0692
sample200-15920.gr;PRIM;LISTA;4;7,0286
sample200-15920.gr;PRIM;LISTA;5;7,0235
sample200-15920.gr;PRIM;LISTA;6;7,1990
sample200-15920.gr;PRIM;LISTA;7;7,0627
sample200-15920.gr;PRIM;LISTA;8;7,0747
sample200-15920.gr;PRIM;LISTA;9;7,0791
sample200-15920.gr;PRIM;LISTA;10;7,0608
sample200-15920.gr;PRIM;LISTA;11;7,0399
sample200-15920.gr;PRIM;MATRIZ;1;7,8452
sample200-15920.gr;PRIM;MATRIZ;2;8,6868
sample200-15920.gr;PRIM;MATRIZ;3;7,3403
sample200-15920.gr;PRIM;MATRIZ;4;8,1158
sample200-15920.gr;PRIM;MATRIZ;5;8,4181
sample200-15920.gr;PRIM;MATRIZ;6;7,7850
sample200-15920.gr;PRIM;MATRIZ;7;7,9285
sample200-15920.gr;PRIM;MATRIZ;8;8,4803
sample200-15920.gr;PRIM;MATRIZ;9;7,6553
sample200-15920.gr;PRIM;MATRIZ;10;8,0951
sample200-15920.gr;PRIM;MATRIZ;11;8,0805
sample200-15920.gr;DIJKSTRA;LISTA;1;2,8738
sample200-15920.gr;DIJKSTRA;LISTA;2;2,8595
sample200-15920.gr;DIJKSTRA;LISTA;3;2,6199
sample200-15920.gr;DIJKSTRA;LISTA;4;2,6684
sample200-15920.gr;DIJKSTRA;LISTA;5;2,6531
sample200-15920.gr;DIJKSTRA;LISTA;6;3,0733
sample200-15920.gr;DIJKSTRA;LISTA;7;3,2476
sample200-15920.gr;DIJKSTRA;LISTA;8;2,6716
sample200-15920.gr;DIJKSTRA;LISTA;9;2,5772
sample200-15920.gr;DIJKSTRA;LISTA;10;2,5803
sample200-15920.gr;DIJKSTRA;LISTA;11;2,6408
sample200-15920.gr;DIJKSTRA;MATRIZ;1;6,4385
sample200-15920.gr;DIJKSTRA;MATRIZ;2;7,0939
sample200-15920.gr;DIJKSTRA;MATRIZ;3;6,7916
sample200-15920.gr;DIJKSTRA;MATRIZ;4;6,4332
sample200-15920.gr;DIJKSTRA;MATRIZ;5;6,6870
sample200-15920.gr;DIJKSTRA;MATRIZ;6;6,2777
sample200-15920.gr;DIJKSTRA;MATRIZ;7;6,7288
sample200-15920.gr;DIJKSTRA;MATRIZ;8;6,3991
sample200-15920.gr;DIJKSTRA;MATRIZ;9;6,5172
sample200-15920.gr;DIJKSTRA;MATRIZ;10;6,9591
sample200-15920.gr;DIJKSTRA;MATRIZ;11;6,6636
sample200-15920.gr;BELLMANFORD;LISTA;1;11,3078
sample200-15920.gr;BELLMANFORD;LISTA;2;8,5235
sample200-15920.gr;BELLMANFORD;LISTA;3;8,0176
sample200-15920.gr;BELLMANFORD;LISTA;4;8,0714
sample200-15920.gr;BELLMANFORD;LISTA;5;7,9783
sample200-15920.gr;BELLMANFORD;LISTA;6;8,0356
sample200-15920.gr;BELLMANFORD;LISTA;7;7,9776
sample200-15920.gr;BELLMANFORD;LISTA;8;9,5381
sample200-15920.gr;BELLMANFORD;LISTA;9;8,0012
sample200-15920.gr;BELLMANFORD;LISTA;10;8,2131
sample200-15920.gr;BELLMANFORD;LISTA;11;8,1862
sample200-15920.gr;BELLMANFORD;MATRIZ;1;75,7177
sample200-15920.gr;BELLMANFORD;MATRIZ;2;72,9160
sample200-15920.gr;BELLMANFORD;MATRIZ;3;73,4445
sample200-15920.gr;BELLMANFORD;MATRIZ;4;72,9137
sample200-15920.gr;BELLMANFORD;MATRIZ;5;72,7157
sample200-15920.gr;BELLMANFORD;MATRIZ;6;71,6212
sample200-15920.gr;BELLMANFORD;MATRIZ;7;70,5189
sample200-15920.gr;BELLMANFORD;MATRIZ;8;72,3016
sample200-15920.gr;BELLMANFORD;MATRIZ;9;75,3324
sample200-15920.gr;BELLMANFORD;MATRIZ;10;75,3323
sample200-15920.gr;BELLMANFORD;MATRIZ;11;74,3373
sample200-15920.gr;FLOYDWARSHALL;LISTA;1;714,3099
sample200-15920.gr;FLOYDWARSHALL;LISTA;2;703,9908
sample200-15920.gr;FLOYDWARSHALL;LISTA;3;717,6854
sample200-15920.gr;FLOYDWARSHALL;LISTA;4;728,4123
sample200-15920.gr;FLOYDWARSHALL;LISTA;5;698,4135
sample200-15920.gr;FLOYDWARSHALL;LISTA;6;744,0146
sample200-15920.gr;FLOYDWARSHALL;LISTA;7;731,1376
sample200-15920.gr;FLOYDWARSHALL;LISTA;8;736,0808
sample200-15920.gr;FLOYDWARSHALL;LISTA;9;732,6798
sample200-15920.gr;FLOYDWARSHALL;LISTA;10;740,5571
sample200-15920.gr;FLOYDWARSHALL;LISTA;11;723,9387
sample200-15920.gr;FLOYDWARSHALL;MATRIZ;1;755,4278
sample200-15920.gr;FLOYDWARSHALL;MATRIZ;2;682,7497
sample200-15920.gr;FLOYDWARSHALL;MATRIZ;3;743,3213
sample200-15920.gr;FLOYDWARSHALL;MATRIZ;4;735,5603
sample200-15920.gr;FLOYDWARSHALL;MATRIZ;5;725,7606
sample200-15920.gr;FLOYDWARSHALL;MATRIZ;6;711,9995
sample200-15920.gr;FLOYDWARSHALL;MATRIZ;7;762,1920
sample200-15920.gr;FLOYDWARSHALL;MATRIZ;8;740,3768
sample200-15920.gr;FLOYDWARSHALL;MATRIZ;9;724,2803
sample200-15920.gr;FLOYDWARSHALL;MATRIZ;10;690,2311
sample200-15920.gr;FLOYDWARSHALL;MATRIZ;11;712,6361
sample200-23880.gr;BFS;LISTA;1;5,1020
sample200-23880.gr;BFS;LISTA;2;4,8035
sample200-23880.gr;BFS;LISTA;3;4,7689
sample200-23880.gr;BFS;LISTA;4;4,7518
sample200-23880.gr;BFS;LISTA;5;4,8490
sample200-23880.gr;BFS;LISTA;6;4,7146
sample200-23880.gr;BFS;LISTA;7;4,6419
sample200-23880.gr;BFS;LISTA;8;4,7832
sample200-23880.gr;BFS;LISTA;9;4,5321
sample200-23880.gr;BFS;LISTA;10;4,7973
sample200-23880.gr;BFS;LISTA;11;3,5671
sample200-23880.gr;BFS;MATRIZ;1;3,4200
sample200-23880.gr;BFS;MATRIZ;2;3,4417
sample200-23880.gr;BFS;MATRIZ;3;3,5463
sample200-23880.gr;BFS;MATRIZ;4;3,4206
sample200-23880.gr;BFS;MATRIZ;5;3,3886
sample200-23880.gr;BFS;MATRIZ;6;3,3916
sample200-23880.gr;BFS;MATRIZ;7;3,4847
sample200-23880.gr;BFS;MATRIZ;8;3,4176
sample200-23880.gr;BFS;MATRIZ;9;3,3158
sample200-23880.gr;BFS;MATRIZ;10;3,3318
sample200-23880.gr;BFS;MATRIZ;11;3,3495
sample200-23880.gr;DFS;LISTA;1;2,8541
sample200-23880.gr;DFS;LISTA;2;2,3351
sample200-23880.gr;DFS;LISTA;3;2,3465
sample200-23880.gr;DFS;LISTA;4;2,2313
sample200-23880.gr;DFS;LISTA;5;2,2193
sample200-23880.gr;DFS;LISTA;6;2,2731
sample200-23880.gr;DFS;LISTA;7;2,7028
sample200-23880.gr;DFS;LISTA;8;2,2334
sample200-23880.gr;DFS;LISTA;9;2,2239
sample200-23880.gr;DFS;LISTA;10;2,2295
sample200-23880.gr;DFS;LISTA;11;2,2750
sample200-23880.gr;DFS;MATRIZ;1;3,4157
sample200-23880.gr;DFS;MATRIZ;2;3,3688
sample200-23880.gr;DFS;MATRIZ;3;3,3978
sample200-23880.gr;DFS;MATRIZ;4;3,3860
sample200-23880.gr;DFS;MATRIZ;5;3,3617
sample200-23880.gr;DFS;MATRIZ;6;3,3989
sample200-23880.gr;DFS;MATRIZ;7;3,4555
sample200-23880.gr;DFS;MATRIZ;8;3,3787
sample200-23880.gr;DFS;MATRIZ;9;3,3654
sample200-23880.gr;DFS;MATRIZ;10;3,3492
sample200-23880.gr;DFS;MATRIZ;11;3,4571
sample200-23880.gr;KRUSKAL;LISTA;1;7,7330
sample200-23880.gr;KRUSKAL;LISTA;2;7,5900
sample200-23880.gr;KRUSKAL;LISTA;3;7,3396
sample200-23880.gr;KRUSKAL;LISTA;4;7,2901
sample200-23880.gr;KRUSKAL;LISTA;5;7,3962
sample200-23880.gr;KRUSKAL;LISTA;6;7,1998
sample200-23880.gr;KRUSKAL;LISTA;7;7,5668
sample200-23880.gr;KRUSKAL;LISTA;8;7,2202
sample200-23880.gr;KRUSKAL;LISTA;9;7,2429
sample200-23880.gr;KRUSKAL;LISTA;10;7,1558
sample200-23880.gr;KRUSKAL;LISTA;11;7,3310
sample200-23880.gr;KRUSKAL;MATRIZ;1;11,5230
sample200-23880.gr;KRUSKAL;MATRIZ;2;8,8178
sample200-23880.gr;KRUSKAL;MATRIZ;3;10,5575
sample200-23880.gr;KRUSKAL;MATRIZ;4;7,5614
sample200-23880.gr;KRUSKAL;MATRIZ;5;9,6173
sample200-23880.gr;KRUSKAL;MATRIZ;6;10,1028
sample200-23880.gr;KRUSKAL;MATRIZ;7;9,7224
sample200-23880.gr;KRUSKAL;MATRIZ;8;9,7135
sample200-23880.gr;KRUSKAL;MATRIZ;9;9,8963
sample200-23880.gr;KRUSKAL;MATRIZ;10;9,7921
sample200-23880.gr;KRUSKAL;MATRIZ;11;9,4021
sample200-23880.gr;PRIM;LISTA;1;8,1265
sample200-23880.gr;PRIM;LISTA;2;8,0583
sample200-23880.gr;PRIM;LISTA;3;7,9324
sample200-23880.gr;PRIM;LISTA;4;8,0675
sample200-23880.gr;PRIM;LISTA;5;7,9622
sample200-23880.gr;PRIM;LISTA;6;8,0163
sample200-23880.gr;PRIM;LISTA;7;7,9369
sample200-23880.gr;PRIM;LISTA;8;8,0720
sample200-23880.gr;PRIM;LISTA;9;7,8949
sample200-23880.gr;PRIM;LISTA;10;7,9822
sample200-23880.gr;PRIM;LISTA;11;7,9570
sample200-23880.gr;PRIM;MATRIZ;1;10,0544
sample200-23880.gr;PRIM;MATRIZ;2;9,7489
sample200-23880.gr;PRIM;MATRIZ;3;9,2050
sample200-23880.gr;PRIM;MATRIZ;4;10,3048
sample200-23880.gr;PRIM;MATRIZ;5;11,3826
sample200-23880.gr;PRIM;MATRIZ;6;12,3756
sample200-23880.gr;PRIM;MATRIZ;7;12,1498
sample200-23880.gr;PRIM;MATRIZ;8;12,3170
sample200-23880.gr;PRIM;MATRIZ;9;12,0176
sample200-23880.gr;PRIM;MATRIZ;10;12,5030
sample200-23880.gr;PRIM;MATRIZ;11;10,4930
sample200-23880.gr;DIJKSTRA;LISTA;1;2,7097
sample200-23880.gr;DIJKSTRA;LISTA;2;2,5880
sample200-23880.gr;DIJKSTRA;LISTA;3;2,6613
sample200-23880.gr;DIJKSTRA;LISTA;4;2,5451
sample200-23880.gr;DIJKSTRA;LISTA;5;2,5900
sample200-23880.gr;DIJKSTRA;LISTA;6;2,5397
sample200-23880.gr;DIJKSTRA;LISTA;7;2,5601
sample200-23880.gr;DIJKSTRA;LISTA;8;2,6264
sample200-23880.gr;DIJKSTRA;LISTA;9;2,5899
sample200-23880.gr;DIJKSTRA;LISTA;10;2,5881
sample200-23880.gr;DIJKSTRA;LISTA;11;2,5088
sample200-23880.gr;DIJKSTRA;MATRIZ;1;3,7900
sample200-23880.gr;DIJKSTRA;MATRIZ;2;3,6561
sample200-23880.gr;DIJKSTRA;MATRIZ;3;3,7104
sample200-23880.gr;DIJKSTRA;MATRIZ;4;3,6638
sample200-23880.gr;DIJKSTRA;MATRIZ;5;3,6806
sample200-23880.gr;DIJKSTRA;MATRIZ;6;3,9582
sample200-23880.gr;DIJKSTRA;MATRIZ;7;3,5852
sample200-23880.gr;DIJKSTRA;MATRIZ;8;3,7214
sample200-23880.gr;DIJKSTRA;MATRIZ;9;3,6383
sample200-23880.gr;DIJKSTRA;MATRIZ;10;3,6886
sample200-23880.gr;DIJKSTRA;MATRIZ;11;3,6088
sample200-23880.gr;BELLMANFORD;LISTA;1;8,4833
sample200-23880.gr;BELLMANFORD;LISTA;2;8,4555
sample200-23880.gr;BELLMANFORD;LISTA;3;8,4149
sample200-23880.gr;BELLMANFORD;LISTA;4;8,3439
sample200-23880.gr;BELLMANFORD;LISTA;5;8,5085
sample200-23880.gr;BELLMANFORD;LISTA;6;8,2894
sample200-23880.gr;BELLMANFORD;LISTA;7;8,3937
sample200-23880.gr;BELLMANFORD;LISTA;8;8,3336
sample200-23880.gr;BELLMANFORD;LISTA;9;8,2902
sample200-23880.gr;BELLMANFORD;LISTA;10;8,4151
sample200-23880.gr;BELLMANFORD;LISTA;11;8,3532
sample200-23880.gr;BELLMANFORD;MATRIZ;1;70,0027
sample200-23880.gr;BELLMANFORD;MATRIZ;2;68,3992
sample200-23880.gr;BELLMANFORD;MATRIZ;3;68,2058
sample200-23880.gr;BELLMANFORD;MATRIZ;4;80,3190
sample200-23880.gr;BELLMANFORD;MATRIZ;5;72,7226
sample200-23880.gr;BELLMANFORD;MATRIZ;6;72,6272
sample200-23880.gr;BELLMANFORD;MATRIZ;7;73,8635
sample200-23880.gr;BELLMANFORD;MATRIZ;8;71,6897
sample200-23880.gr;BELLMANFORD;MATRIZ;9;72,9324
sample200-23880.gr;BELLMANFORD;MATRIZ;10;71,2917
sample200-23880.gr;BELLMANFORD;MATRIZ;11;71,1801
sample200-23880.gr;FLOYDWARSHALL;LISTA;1;706,3345
sample200-23880.gr;FLOYDWARSHALL;LISTA;2;701,5884
sample200-23880.gr;FLOYDWARSHALL;LISTA;3;724,0823
sample200-23880.gr;FLOYDWARSHALL;LISTA;4;716,2729
sample200-23880.gr;FLOYDWARSHALL;LISTA;5;756,5094
sample200-23880.gr;FLOYDWARSHALL;LISTA;6;736,3882
sample200-23880.gr;FLOYDWARSHALL;LISTA;7;675,9357
sample200-23880.gr;FLOYDWARSHALL;LISTA;8;736,4935
sample200-23880.gr;FLOYDWARSHALL;LISTA;9;721,0448
sample200-23880.gr;FLOYDWARSHALL;LISTA;10;735,9867
sample200-23880.gr;FLOYDWARSHALL;LISTA;11;731,2496
sample200-23880.gr;FLOYDWARSHALL;MATRIZ;1;743,3128
sample200-23880.gr;FLOYDWARSHALL;MATRIZ;2;692,0622
sample200-23880.gr;FLOYDWARSHALL;MATRIZ;3;630,9867
sample200-23880.gr;FLOYDWARSHALL;MATRIZ;4;708,3946
sample200-23880.gr;FLOYDWARSHALL;MATRIZ;5;667,5560
sample200-23880.gr;FLOYDWARSHALL;MATRIZ;6;675,7869
sample200-23880.gr;FLOYDWARSHALL;MATRIZ;7;740,9341
sample200-23880.gr;FLOYDWARSHALL;MATRIZ;8;711,7848
sample200-23880.gr;FLOYDWARSHALL;MATRIZ;9;704,6255
sample200-23880.gr;FLOYDWARSHALL;MATRIZ;10;712,0674
sample200-23880.gr;FLOYDWARSHALL;MATRIZ;11;729,2866
sample200-31840.gr;BFS;LISTA;1;4,4636
sample200-31840.gr;BFS;LISTA;2;4,9066
sample200-31840.gr;BFS;LISTA;3;4,8008
sample200-31840.gr;BFS;LISTA;4;4,8085
sample200-31840.gr;BFS;LISTA;5;4,8096
sample200-31840.gr;BFS;LISTA;6;4,8195
sample200-31840.gr;BFS;LISTA;7;4,7280
sample200-31840.gr;BFS;LISTA;8;4,8226
sample200-31840.gr;BFS;LISTA;9;3,3623
sample200-31840.gr;BFS;LISTA;10;3,1553
sample200-31840.gr;BFS;LISTA;11;3,3673
sample200-31840.gr;BFS;MATRIZ;1;3,3320
sample200-31840.gr;BFS;MATRIZ;2;3,3416
sample200-31840.gr;BFS;MATRIZ;3;3,3007
sample200-31840.gr;BFS;MATRIZ;4;3,2397
sample200-31840.gr;BFS;MATRIZ;5;3,3675
sample200-31840.gr;BFS;MATRIZ;6;3,3818
sample200-31840.gr;BFS;MATRIZ;7;3,3089
sample200-31840.gr;BFS;MATRIZ;8;4,7597
sample200-31840.gr;BFS;MATRIZ;9;2,9229
sample200-31840.gr;BFS;MATRIZ;10;2,8773
sample200-31840.gr;BFS;MATRIZ;11;2,8864
sample200-31840.gr;DFS;LISTA;1;2,1141
sample200-31840.gr;DFS;LISTA;2;2,0511
sample200-31840.gr;DFS;LISTA;3;2,1205
sample200-31840.gr;DFS;LISTA;4;2,2754
sample200-31840.gr;DFS;LISTA;5;2,0507
sample200-31840.gr;DFS;LISTA;6;4,9062
sample200-31840.gr;DFS;LISTA;7;4,7566
sample200-31840.gr;DFS;LISTA;8;3,7740
sample200-31840.gr;DFS;LISTA;9;3,1496
sample200-31840.gr;DFS;LISTA;10;4,6280
sample200-31840.gr;DFS;LISTA;11;4,6401
sample200-31840.gr;DFS;MATRIZ;1;5,1148
sample200-31840.gr;DFS;MATRIZ;2;5,1421
sample200-31840.gr;DFS;MATRIZ;3;5,0885
sample200-31840.gr;DFS;MATRIZ;4;4,9805
sample200-31840.gr;DFS;MATRIZ;5;5,1281
sample200-31840.gr;DFS;MATRIZ;6;5,0800
sample200-31840.gr;DFS;MATRIZ;7;5,2491
sample200-31840.gr;DFS;MATRIZ;8;5,1123
sample200-31840.gr;DFS;MATRIZ;9;5,2260
sample200-31840.gr;DFS;MATRIZ;10;5,2473
sample200-31840.gr;DFS;MATRIZ;11;4,6468
sample200-31840.gr;KRUSKAL;LISTA;1;9,1201
sample200-31840.gr;KRUSKAL;LISTA;2;8,3877
sample200-31840.gr;KRUSKAL;LISTA;3;10,4751
sample200-31840.gr;KRUSKAL;LISTA;4;10,5663
sample200-31840.gr;KRUSKAL;LISTA;5;10,2149
sample200-31840.gr;KRUSKAL;LISTA;6;10,2109
sample200-31840.gr;KRUSKAL;LISTA;7;7,5401
sample200-31840.gr;KRUSKAL;LISTA;8;7,9316
sample200-31840.gr;KRUSKAL;LISTA;9;7,7296
sample200-31840.gr;KRUSKAL;LISTA;10;7,9850
sample200-31840.gr;KRUSKAL;LISTA;11;7,7502
sample200-31840.gr;KRUSKAL;MATRIZ;1;8,2065
sample200-31840.gr;KRUSKAL;MATRIZ;2;8,2639
sample200-31840.gr;KRUSKAL;MATRIZ;3;8,2928
sample200-31840.gr;KRUSKAL;MATRIZ;4;8,3534
sample200-31840.gr;KRUSKAL;MATRIZ;5;8,4821
sample200-31840.gr;KRUSKAL;MATRIZ;6;8,3181
sample200-31840.gr;KRUSKAL;MATRIZ;7;8,4250
sample200-31840.gr;KRUSKAL;MATRIZ;8;8,2163
sample200-31840.gr;KRUSKAL;MATRIZ;9;8,3940
sample200-31840.gr;KRUSKAL;MATRIZ;10;8,5079
sample200-31840.gr;KRUSKAL;MATRIZ;11;8,4704
sample200-31840.gr;PRIM;LISTA;1;8,8350
sample200-31840.gr;PRIM;LISTA;2;8,7503
sample200-31840.gr;PRIM;LISTA;3;8,8192
sample200-31840.gr;PRIM;LISTA;4;8,6216
sample200-31840.gr;PRIM;LISTA;5;8,8282
sample200-31840.gr;PRIM;LISTA;6;8,7037
sample200-31840.gr;PRIM;LISTA;7;8,6852
sample200-31840.gr;PRIM;LISTA;8;8,8210
sample200-31840.gr;PRIM;LISTA;9;8,7563
sample200-31840.gr;PRIM;LISTA;10;8,6865
sample200-31840.gr;PRIM;LISTA;11;8,7736
sample200-31840.gr;PRIM;MATRIZ;1;10,2056
sample200-31840.gr;PRIM;MATRIZ;2;10,5931
sample200-31840.gr;PRIM;MATRIZ;3;9,9391
sample200-31840.gr;PRIM;MATRIZ;4;9,8816
sample200-31840.gr;PRIM;MATRIZ;5;9,9158
sample200-31840.gr;PRIM;MATRIZ;6;9,5951
sample200-31840.gr;PRIM;MATRIZ;7;9,6843
sample200-31840.gr;PRIM;MATRIZ;8;9,3877
sample200-31840.gr;PRIM;MATRIZ;9;9,2311
sample200-31840.gr;PRIM;MATRIZ;10;9,0209
sample200-31840.gr;PRIM;MATRIZ;11;9,0947
sample200-31840.gr;DIJKSTRA;LISTA;1;2,7674
sample200-31840.gr;DIJKSTRA;LISTA;2;2,7015
sample200-31840.gr;DIJKSTRA;LISTA;3;2,7449
sample200-31840.gr;DIJKSTRA;LISTA;4;2,6413
sample200-31840.gr;DIJKSTRA;LISTA;5;2,5531
sample200-31840.gr;DIJKSTRA;LISTA;6;2,5701
sample200-31840.gr;DIJKSTRA;LISTA;7;2,6094
sample200-31840.gr;DIJKSTRA;LISTA;8;2,7250
sample200-31840.gr;DIJKSTRA;LISTA;9;2,6555
sample200-31840.gr;DIJKSTRA;LISTA;10;2,5929
sample200-31840.gr;DIJKSTRA;LISTA;11;2,5751
sample200-31840.gr;DIJKSTRA;MATRIZ;1;3,6017
sample200-31840.gr;DIJKSTRA;MATRIZ;2;3,5939
sample200-31840.gr;DIJKSTRA;MATRIZ;3;3,6922
sample200-31840.gr;DIJKSTRA;MATRIZ;4;3,5009
sample200-31840.gr;DIJKSTRA;MATRIZ;5;3,5402
sample200-31840.gr;DIJKSTRA;MATRIZ;6;3,6932
sample200-31840.gr;DIJKSTRA;MATRIZ;7;3,5540
sample200-31840.gr;DIJKSTRA;MATRIZ;8;3,7070
sample200-31840.gr;DIJKSTRA;MATRIZ;9;3,5771
sample200-31840.gr;DIJKSTRA;MATRIZ;10;3,7479
sample200-31840.gr;DIJKSTRA;MATRIZ;11;3,7049
sample200-31840.gr;BELLMANFORD;LISTA;1;10,1522
sample200-31840.gr;BELLMANFORD;LISTA;2;10,4600
sample200-31840.gr;BELLMANFORD;LISTA;3;10,1818
sample200-31840.gr;BELLMANFORD;LISTA;4;10,0407
sample200-31840.gr;BELLMANFORD;LISTA;5;10,0696
sample200-31840.gr;BELLMANFORD;LISTA;6;10,1668
sample200-31840.gr;BELLMANFORD;LISTA;7;9,9031
sample200-31840.gr;BELLMANFORD;LISTA;8;10,1817
sample200-31840.gr;BELLMANFORD;LISTA;9;9,9654
sample200-31840.gr;BELLMANFORD;LISTA;10;10,2548
sample200-31840.gr;BELLMANFORD;LISTA;11;10,1235
sample200-31840.gr;BELLMANFORD;MATRIZ;1;64,3834
sample200-31840.gr;BELLMANFORD;MATRIZ;2;61,9206
sample200-31840.gr;BELLMANFORD;MATRIZ;3;63,3721
sample200-31840.gr;BELLMANFORD;MATRIZ;4;63,8976
sample200-31840.gr;BELLMANFORD;MATRIZ;5;61,0158
sample200-31840.gr;BELLMANFORD;MATRIZ;6;61,5020
sample200-31840.gr;BELLMANFORD;MATRIZ;7;62,7660
sample200-31840.gr;BELLMANFORD;MATRIZ;8;63,2709
sample200-31840.gr;BELLMANFORD;MATRIZ;9;62,0349
sample200-31840.gr;BELLMANFORD;MATRIZ;10;62,7189
sample200-31840.gr;BELLMANFORD;MATRIZ;11;62,3221
sample200-31840.gr;FLOYDWARSHALL;LISTA;1;708,6919
sample200-31840.gr;FLOYDWARSHALL;LISTA;2;738,7469
sample200-31840.gr;FLOYDWARSHALL;LISTA;3;713,4535
sample200-31840.gr;FLOYDWARSHALL;LISTA;4;717,5299
sample200-31840.gr;FLOYDWARSHALL;LISTA;5;718,2424
sample200-31840.gr;FLOYDWARSHALL;LISTA;6;683,5524
sample200-31840.gr;FLOYDWARSHALL;LISTA;7;674,1978
sample200-31840.gr;FLOYDWARSHALL;LISTA;8;702,3620
sample200-31840.gr;FLOYDWARSHALL;LISTA;9;679,8207
sample200-31840.gr;FLOYDWARSHALL;LISTA;10;688,0898
sample200-31840.gr;FLOYDWARSHALL;LISTA;11;703,2857
sample200-31840.gr;FLOYDWARSHALL;MATRIZ;1;693,2470
sample200-31840.gr;FLOYDWARSHALL;MATRIZ;2;718,1913
sample200-31840.gr;FLOYDWARSHALL;MATRIZ;3;678,7456
sample200-31840.gr;FLOYDWARSHALL;MATRIZ;4;846,6210
sample200-31840.gr;FLOYDWARSHALL;MATRIZ;5;979,1072
sample200-31840.gr;FLOYDWARSHALL;MATRIZ;6;788,6258
sample200-31840.gr;FLOYDWARSHALL;MATRIZ;7;998,3649
sample200-31840.gr;FLOYDWARSHALL;MATRIZ;8;780,6356
sample200-31840.gr;FLOYDWARSHALL;MATRIZ;9;901,7518
sample200-31840.gr;FLOYDWARSHALL;MATRIZ;10;999,7482
sample200-31840.gr;FLOYDWARSHALL;MATRIZ;11;828,6141
sample200-39800.gr;BFS;LISTA;1;3,3081
sample200-39800.gr;BFS;LISTA;2;3,9072
sample200-39800.gr;BFS;LISTA;3;4,7332
sample200-39800.gr;BFS;LISTA;4;4,5804
sample200-39800.gr;BFS;LISTA;5;4,5132
sample200-39800.gr;BFS;LISTA;6;4,7115
sample200-39800.gr;BFS;LISTA;7;4,6746
sample200-39800.gr;BFS;LISTA;8;4,7675
sample200-39800.gr;BFS;LISTA;9;4,6033
sample200-39800.gr;BFS;LISTA;10;4,7008
sample200-39800.gr;BFS;LISTA;11;4,6743
sample200-39800.gr;BFS;MATRIZ;1;4,8972
sample200-39800.gr;BFS;MATRIZ;2;4,9918
sample200-39800.gr;BFS;MATRIZ;3;5,1157
sample200-39800.gr;BFS;MATRIZ;4;4,8663
sample200-39800.gr;BFS;MATRIZ;5;4,9712
sample200-39800.gr;BFS;MATRIZ;6;4,9911
sample200-39800.gr;BFS;MATRIZ;7;4,9466
sample200-39800.gr;BFS;MATRIZ;8;4,9571
sample200-39800.gr;BFS;MATRIZ;9;4,0106
sample200-39800.gr;BFS;MATRIZ;10;3,4844
sample200-39800.gr;BFS;MATRIZ;11;3,4250
sample200-39800.gr;DFS;LISTA;1;2,8152
sample200-39800.gr;DFS;LISTA;2;2,2649
sample200-39800.gr;DFS;LISTA;3;2,2648
sample200-39800.gr;DFS;LISTA;4;2,7109
sample200-39800.gr;DFS;LISTA;5;2,2148
sample200-39800.gr;DFS;LISTA;6;2,1895
sample200-39800.gr;DFS;LISTA;7;2,2049
sample200-39800.gr;DFS;LISTA;8;2,7575
sample200-39800.gr;DFS;LISTA;9;3,2105
sample200-39800.gr;DFS;LISTA;10;4,7169
sample200-39800.gr;DFS;LISTA;11;4,4697
sample200-39800.gr;DFS;MATRIZ;1;4,9792
sample200-39800.gr;DFS;MATRIZ;2;4,9388
sample200-39800.gr;DFS;MATRIZ;3;4,9308
sample200-39800.gr;DFS;MATRIZ;4;5,0161
sample200-39800.gr;DFS;MATRIZ;5;4,6696
sample200-39800.gr;DFS;MATRIZ;6;4,9152
sample200-39800.gr;DFS;MATRIZ;7;4,8359
sample200-39800.gr;DFS;MATRIZ;8;5,0415
sample200-39800.gr;DFS;MATRIZ;9;4,9473
sample200-39800.gr;DFS;MATRIZ;10;4,9949
sample200-39800.gr;DFS;MATRIZ;11;4,9299
sample200-39800.gr;KRUSKAL;LISTA;1;10,8339
sample200-39800.gr;KRUSKAL;LISTA;2;9,4002
sample200-39800.gr;KRUSKAL;LISTA;3;8,0962
sample200-39800.gr;KRUSKAL;LISTA;4;7,9449
sample200-39800.gr;KRUSKAL;LISTA;5;7,9587
sample200-39800.gr;KRUSKAL;LISTA;6;7,8608
sample200-39800.gr;KRUSKAL;LISTA;7;7,7756
sample200-39800.gr;KRUSKAL;LISTA;8;7,8416
sample200-39800.gr;KRUSKAL;LISTA;9;7,7277
sample200-39800.gr;KRUSKAL;LISTA;10;7,7777
sample200-39800.gr;KRUSKAL;LISTA;11;7,8410
sample200-39800.gr;KRUSKAL;MATRIZ;1;7,9464
sample200-39800.gr;KRUSKAL;MATRIZ;2;8,0687
sample200-39800.gr;KRUSKAL;MATRIZ;3;9,8208
sample200-39800.gr;KRUSKAL;MATRIZ;4;8,0897
sample200-39800.gr;KRUSKAL;MATRIZ;5;7,7241
sample200-39800.gr;KRUSKAL;MATRIZ;6;8,2436
sample200-39800.gr;KRUSKAL;MATRIZ;7;7,8198
sample200-39800.gr;KRUSKAL;MATRIZ;8;8,0855
sample200-39800.gr;KRUSKAL;MATRIZ;9;7,8952
sample200-39800.gr;KRUSKAL;MATRIZ;10;7,8252
sample200-39800.gr;KRUSKAL;MATRIZ;11;7,9228
sample200-39800.gr;PRIM;LISTA;1;9,6356
sample200-39800.gr;PRIM;LISTA;2;9,3181
sample200-39800.gr;PRIM;LISTA;3;9,3375
sample200-39800.gr;PRIM;LISTA;4;9,3659
sample200-39800.gr;PRIM;LISTA;5;9,2245
sample200-39800.gr;PRIM;LISTA;6;9,3468
sample200-39800.gr;PRIM;LISTA;7;9,2999
sample200-39800.gr;PRIM;LISTA;8;9,3548
sample200-39800.gr;PRIM;LISTA;9;9,3273
sample200-39800.gr;PRIM;LISTA;10;9,3906
sample200-39800.gr;PRIM;LISTA;11;9,3223
sample200-39800.gr;PRIM;MATRIZ;1;11,4047
sample200-39800.gr;PRIM;MATRIZ;2;12,5026
sample200-39800.gr;PRIM;MATRIZ;3;10,4403
sample200-39800.gr;PRIM;MATRIZ;4;11,2898
sample200-39800.gr;PRIM;MATRIZ;5;11,6756
sample200-39800.gr;PRIM;MATRIZ;6;13,9012
sample200-39800.gr;PRIM;MATRIZ;7;12,4476
sample200-39800.gr;PRIM;MATRIZ;8;13,1118
sample200-39800.gr;PRIM;MATRIZ;9;13,3687
sample200-39800.gr;PRIM;MATRIZ;10;12,8608
sample200-39800.gr;PRIM;MATRIZ;11;14,0754
sample200-39800.gr;DIJKSTRA;LISTA;1;5,1895
sample200-39800.gr;DIJKSTRA;LISTA;2;5,7052
sample200-39800.gr;DIJKSTRA;LISTA;3;5,5952
sample200-39800.gr;DIJKSTRA;LISTA;4;5,3418
sample200-39800.gr;DIJKSTRA;LISTA;5;4,8577
sample200-39800.gr;DIJKSTRA;LISTA;6;5,1055
sample200-39800.gr;DIJKSTRA;LISTA;7;5,4547
sample200-39800.gr;DIJKSTRA;LISTA;8;5,6471
sample200-39800.gr;DIJKSTRA;LISTA;9;5,4603
sample200-39800.gr;DIJKSTRA;LISTA;10;5,4675
sample200-39800.gr;DIJKSTRA;LISTA;11;5,8616
sample200-39800.gr;DIJKSTRA;MATRIZ;1;6,9058
sample200-39800.gr;DIJKSTRA;MATRIZ;2;5,5335
sample200-39800.gr;DIJKSTRA;MATRIZ;3;5,3533
sample200-39800.gr;DIJKSTRA;MATRIZ;4;6,4011
sample200-39800.gr;DIJKSTRA;MATRIZ;5;4,4620
sample200-39800.gr;DIJKSTRA;MATRIZ;6;4,4736
sample200-39800.gr;DIJKSTRA;MATRIZ;7;3,8978
sample200-39800.gr;DIJKSTRA;MATRIZ;8;6,6043
sample200-39800.gr;DIJKSTRA;MATRIZ;9;5,3305
sample200-39800.gr;DIJKSTRA;MATRIZ;10;3,7619
sample200-39800.gr;DIJKSTRA;MATRIZ;11;5,0666
sample200-39800.gr;BELLMANFORD;LISTA;1;11,4892
sample200-39800.gr;BELLMANFORD;LISTA;2;13,9415
sample200-39800.gr;BELLMANFORD;LISTA;3;14,3827
sample200-39800.gr;BELLMANFORD;LISTA;4;14,2032
sample200-39800.gr;BELLMANFORD;LISTA;5;14,1163
sample200-39800.gr;BELLMANFORD;LISTA;6;14,0503
sample200-39800.gr;BELLMANFORD;LISTA;7;14,2398
sample200-39800.gr;BELLMANFORD;LISTA;8;13,6065
sample200-39800.gr;BELLMANFORD;LISTA;9;13,8118
sample200-39800.gr;BELLMANFORD;LISTA;10;14,2351
sample200-39800.gr;BELLMANFORD;LISTA;11;13,6674
sample200-39800.gr;BELLMANFORD;MATRIZ;1;62,8555
sample200-39800.gr;BELLMANFORD;MATRIZ;2;61,4021
sample200-39800.gr;BELLMANFORD;MATRIZ;3;61,9885
sample200-39800.gr;BELLMANFORD;MATRIZ;4;67,7778
sample200-39800.gr;BELLMANFORD;MATRIZ;5;60,9232
sample200-39800.gr;BELLMANFORD;MATRIZ;6;59,4922
sample200-39800.gr;BELLMANFORD;MATRIZ;7;60,9784
sample200-39800.gr;BELLMANFORD;MATRIZ;8;62,5848
sample200-39800.gr;BELLMANFORD;MATRIZ;9;60,4463
sample200-39800.gr;BELLMANFORD;MATRIZ;10;59,4088
sample200-39800.gr;BELLMANFORD;MATRIZ;11;61,6228
sample200-39800.gr;FLOYDWARSHALL;LISTA;1;679,8711
sample200-39800.gr;FLOYDWARSHALL;LISTA;2;681,2063
sample200-39800.gr;FLOYDWARSHALL;LISTA;3;677,7087
sample200-39800.gr;FLOYDWARSHALL;LISTA;4;687,1697
sample200-39800.gr;FLOYDWARSHALL;LISTA;5;709,3049
sample200-39800.gr;FLOYDWARSHALL;LISTA;6;720,6634
sample200-39800.gr;FLOYDWARSHALL;LISTA;7;862,4448
sample200-39800.gr;FLOYDWARSHALL;LISTA;8;893,3458
sample200-39800.gr;FLOYDWARSHALL;LISTA;9;925,2455
sample200-39800.gr;FLOYDWARSHALL;LISTA;10;890,7830
sample200-39800.gr;FLOYDWARSHALL;LISTA;11;886,8689
sample200-39800.gr;FLOYDWARSHALL;MATRIZ;1;715,9650
sample200-39800.gr;FLOYDWARSHALL;MATRIZ;2;844,3622
sample200-39800.gr;FLOYDWARSHALL;MATRIZ;3;829,5343
sample200-39800.gr;FLOYDWARSHALL;MATRIZ;4;723,7018
sample200-39800.gr;FLOYDWARSHALL;MATRIZ;5;701,8494
sample200-39800.gr;FLOYDWARSHALL;MATRIZ;6;694,7090
sample200-39800.gr;FLOYDWARSHALL;MATRIZ;7;709,0030
sample200-39800.gr;FLOYDWARSHALL;MATRIZ;8;752,5517
sample200-39800.gr;FLOYDWARSHALL;MATRIZ;9;724,6411
sample200-39800.gr;FLOYDWARSHALL;MATRIZ;10;716,5717
sample200-39800.gr;FLOYDWARSHALL;MATRIZ;11;714,2893
sample200-7960.gr;BFS;LISTA;1;3,6412
sample200-7960.gr;BFS;LISTA;2;2,5593
sample200-7960.gr;BFS;LISTA;3;2,8721
sample200-7960.gr;BFS;LISTA;4;2,5492
sample200-7960.gr;BFS;LISTA;5;3,3405
sample200-7960.gr;BFS;LISTA;6;2,8973
sample200-7960.gr;BFS;LISTA;7;3,0465
sample200-7960.gr;BFS;LISTA;8;3,1136
sample200-7960.gr;BFS;LISTA;9;3,0640
sample200-7960.gr;BFS;LISTA;10;4,5321
sample200-7960.gr;BFS;LISTA;11;4,6343
sample200-7960.gr;BFS;MATRIZ;1;3,8506
sample200-7960.gr;BFS;MATRIZ;2;4,6121
sample200-7960.gr;BFS;MATRIZ;3;5,2461
sample200-7960.gr;BFS;MATRIZ;4;4,8202
sample200-7960.gr;BFS;MATRIZ;5;4,8911
sample200-7960.gr;BFS;MATRIZ;6;4,9064
sample200-7960.gr;BFS;MATRIZ;7;4,6974
sample200-7960.gr;BFS;MATRIZ;8;4,9347
sample200-7960.gr;BFS;MATRIZ;9;5,0437
sample200-7960.gr;BFS;MATRIZ;10;4,9274
sample200-7960.gr;BFS;MATRIZ;11;4,9972
sample200-7960.gr;DFS;LISTA;1;4,6032
sample200-7960.gr;DFS;LISTA;2;4,6391
sample200-7960.gr;DFS;LISTA;3;4,6257
sample200-7960.gr;DFS;LISTA;4;4,5724
sample200-7960.gr;DFS;LISTA;5;4,6458
sample200-7960.gr;DFS;LISTA;6;3,3067
sample200-7960.gr;DFS;LISTA;7;2,9026
sample200-7960.gr;DFS;LISTA;8;2,8741
sample200-7960.gr;DFS;LISTA;9;2,8098
sample200-7960.gr;DFS;LISTA;10;3,1330
sample200-7960.gr;DFS;LISTA;11;2,9579
sample200-7960.gr;DFS;MATRIZ;1;3,2944
sample200-7960.gr;DFS;MATRIZ;2;3,2998
sample200-7960.gr;DFS;MATRIZ;3;3,2494
sample200-7960.gr;DFS;MATRIZ;4;3,3303
sample200-7960.gr;DFS;MATRIZ;5;3,2957
sample200-7960.gr;DFS;MATRIZ;6;3,2724
sample200-7960.gr;DFS;MATRIZ;7;3,2543
sample200-7960.gr;DFS;MATRIZ;8;3,2332
sample200-7960.gr;DFS;MATRIZ;9;3,4872
sample200-7960.gr;DFS;MATRIZ;10;3,3533
sample200-7960.gr;DFS;MATRIZ;11;3,3521
sample200-7960.gr;KRUSKAL;LISTA;1;4,9214
sample200-7960.gr;KRUSKAL;LISTA;2;5,2270
sample200-7960.gr;KRUSKAL;LISTA;3;4,5669
sample200-7960.gr;KRUSKAL;LISTA;4;4,5134
sample200-7960.gr;KRUSKAL;LISTA;5;4,6233
sample200-7960.gr;KRUSKAL;LISTA;6;4,4830
sample200-7960.gr;KRUSKAL;LISTA;7;4,5111
sample200-7960.gr;KRUSKAL;LISTA;8;4,6334
sample200-7960.gr;KRUSKAL;LISTA;9;4,7460
sample200-7960.gr;KRUSKAL;LISTA;10;4,4978
sample200-7960.gr;KRUSKAL;LISTA;11;4,4595
sample200-7960.gr;KRUSKAL;MATRIZ;1;5,0347
sample200-7960.gr;KRUSKAL;MATRIZ;2;4,7714
sample200-7960.gr;KRUSKAL;MATRIZ;3;4,7550
sample200-7960.gr;KRUSKAL;MATRIZ;4;4,7531
sample200-7960.gr;KRUSKAL;MATRIZ;5;4,7804
sample200-7960.gr;KRUSKAL;MATRIZ;6;4,7373
sample200-7960.gr;KRUSKAL;MATRIZ;7;4,7211
sample200-7960.gr;KRUSKAL;MATRIZ;8;4,9057
sample200-7960.gr;KRUSKAL;MATRIZ;9;4,8270
sample200-7960.gr;KRUSKAL;MATRIZ;10;4,8815
sample200-7960.gr;KRUSKAL;MATRIZ;11;4,9705
sample200-7960.gr;PRIM;LISTA;1;5,4527
sample200-7960.gr;PRIM;LISTA;2;5,4030
sample200-7960.gr;PRIM;LISTA;3;5,5911
sample200-7960.gr;PRIM;LISTA;4;5,3561
sample200-7960.gr;PRIM;LISTA;5;5,4167
sample200-7960.gr;PRIM;LISTA;6;5,2724
sample200-7960.gr;PRIM;LISTA;7;5,4204
sample200-7960.gr;PRIM;LISTA;8;5,3733
sample200-7960.gr;PRIM;LISTA;9;5,3994
sample200-7960.gr;PRIM;LISTA;10;5,3937
sample200-7960.gr;PRIM;LISTA;11;5,4257
sample200-7960.gr;PRIM;MATRIZ;1;5,5947
sample200-7960.gr;PRIM;MATRIZ;2;5,6613
sample200-7960.gr;PRIM;MATRIZ;3;6,0679
sample200-7960.gr;PRIM;MATRIZ;4;6,0905
sample200-7960.gr;PRIM;MATRIZ;5;5,7164
sample200-7960.gr;PRIM;MATRIZ;6;5,6192
sample200-7960.gr;PRIM;MATRIZ;7;5,8449
sample200-7960.gr;PRIM;MATRIZ;8;6,1608
sample200-7960.gr;PRIM;MATRIZ;9;5,9809
sample200-7960.gr;PRIM;MATRIZ;10;5,5300
sample200-7960.gr;PRIM;MATRIZ;11;5,5980
sample200-7960.gr;DIJKSTRA;LISTA;1;2,4752
sample200-7960.gr;DIJKSTRA;LISTA;2;2,5676
sample200-7960.gr;DIJKSTRA;LISTA;3;2,4210
sample200-7960.gr;DIJKSTRA;LISTA;4;2,5015
sample200-7960.gr;DIJKSTRA;LISTA;5;2,4765
sample200-7960.gr;DIJKSTRA;LISTA;6;2,4296
sample200-7960.gr;DIJKSTRA;LISTA;7;2,4277
sample200-7960.gr;DIJKSTRA;LISTA;8;2,3857
sample200-7960.gr;DIJKSTRA;LISTA;9;2,5072
sample200-7960.gr;DIJKSTRA;LISTA;10;2,4231
sample200-7960.gr;DIJKSTRA;LISTA;11;2,4061
sample200-7960.gr;DIJKSTRA;MATRIZ;1;3,3476
sample200-7960.gr;DIJKSTRA;MATRIZ;2;3,2158
sample200-7960.gr;DIJKSTRA;MATRIZ;3;4,0229
sample200-7960.gr;DIJKSTRA;MATRIZ;4;6,0099
sample200-7960.gr;DIJKSTRA;MATRIZ;5;6,0939
sample200-7960.gr;DIJKSTRA;MATRIZ;6;6,0399
sample200-7960.gr;DIJKSTRA;MATRIZ;7;6,0569
sample200-7960.gr;DIJKSTRA;MATRIZ;8;5,8657
sample200-7960.gr;DIJKSTRA;MATRIZ;9;5,7316
sample200-7960.gr;DIJKSTRA;MATRIZ;10;5,8657
sample200-7960.gr;DIJKSTRA;MATRIZ;11;6,9395
sample200-7960.gr;BELLMANFORD;LISTA;1;8,4903
sample200-7960.gr;BELLMANFORD;LISTA;2;8,1534
sample200-7960.gr;BELLMANFORD;LISTA;3;7,8523
sample200-7960.gr;BELLMANFORD;LISTA;4;8,3256
sample200-7960.gr;BELLMANFORD;LISTA;5;6,3568
sample200-7960.gr;BELLMANFORD;LISTA;6;5,2013
sample200-7960.gr;BELLMANFORD;LISTA;7;5,2021
sample200-7960.gr;BELLMANFORD;LISTA;8;5,1204
sample200-7960.gr;BELLMANFORD;LISTA;9;5,1253
sample200-7960.gr;BELLMANFORD;LISTA;10;5,4439
sample200-7960.gr;BELLMANFORD;LISTA;11;5,2004
sample200-7960.gr;BELLMANFORD;MATRIZ;1;52,6789
sample200-7960.gr;BELLMANFORD;MATRIZ;2;50,9977
sample200-7960.gr;BELLMANFORD;MATRIZ;3;52,7147
sample200-7960.gr;BELLMANFORD;MATRIZ;4;51,4967
sample200-7960.gr;BELLMANFORD;MATRIZ;5;52,1592
sample200-7960.gr;BELLMANFORD;MATRIZ;6;51,1544
sample200-7960.gr;BELLMANFORD;MATRIZ;7;53,0494
sample200-7960.gr;BELLMANFORD;MATRIZ;8;51,2985
sample200-7960.gr;BELLMANFORD;MATRIZ;9;55,3802
sample200-7960.gr;BELLMANFORD;MATRIZ;10;51,3173
sample200-7960.gr;BELLMANFORD;MATRIZ;11;52,5385
sample200-7960.gr;FLOYDWARSHALL;LISTA;1;724,3648
sample200-7960.gr;FLOYDWARSHALL;LISTA;2;716,4540
sample200-7960.gr;FLOYDWARSHALL;LISTA;3;717,7285
sample200-7960.gr;FLOYDWARSHALL;LISTA;4;711,5756
sample200-7960.gr;FLOYDWARSHALL;LISTA;5;722,4238
sample200-7960.gr;FLOYDWARSHALL;LISTA;6;720,2066
sample200-7960.gr;FLOYDWARSHALL;LISTA;7;758,0710
sample200-7960.gr;FLOYDWARSHALL;LISTA;8;700,8770
sample200-7960.gr;FLOYDWARSHALL;LISTA;9;743,2771
sample200-7960.gr;FLOYDWARSHALL;LISTA;10;737,7365
sample200-7960.gr;FLOYDWARSHALL;LISTA;11;815,0945
sample200-7960.gr;FLOYDWARSHALL;MATRIZ;1;806,6827
sample200-7960.gr;FLOYDWARSHALL;MATRIZ;2;822,8376
sample200-7960.gr;FLOYDWARSHALL;MATRIZ;3;842,1646
sample200-7960.gr;FLOYDWARSHALL;MATRIZ;4;809,1972
sample200-7960.gr;FLOYDWARSHALL;MATRIZ;5;847,6697
sample200-7960.gr;FLOYDWARSHALL;MATRIZ;6;782,2145
sample200-7960.gr;FLOYDWARSHALL;MATRIZ;7;818,6120
sample200-7960.gr;FLOYDWARSHALL;MATRIZ;8;788,2818
sample200-7960.gr;FLOYDWARSHALL;MATRIZ;9;772,4361
sample200-7960.gr;FLOYDWARSHALL;MATRIZ;10;810,7337
sample200-7960.gr;FLOYDWARSHALL;MATRIZ;11;802,0446
sample500-149700.gr;BFS;LISTA;1;16,7098
sample500-149700.gr;BFS;LISTA;2;12,9095
sample500-149700.gr;BFS;LISTA;3;16,5988
sample500-149700.gr;BFS;LISTA;4;16,2518
sample500-149700.gr;BFS;LISTA;5;16,4294
sample500-149700.gr;BFS;LISTA;6;17,0834
sample500-149700.gr;BFS;LISTA;7;16,3674
sample500-149700.gr;BFS;LISTA;8;16,7084
sample500-149700.gr;BFS;LISTA;9;16,1002
sample500-149700.gr;BFS;LISTA;10;16,1131
sample500-149700.gr;BFS;LISTA;11;15,8253
sample500-149700.gr;BFS;MATRIZ;1;17,6844
sample500-149700.gr;BFS;MATRIZ;2;16,0231
sample500-149700.gr;BFS;MATRIZ;3;11,3726
sample500-149700.gr;BFS;MATRIZ;4;11,2061
sample500-149700.gr;BFS;MATRIZ;5;11,2515
sample500-149700.gr;BFS;MATRIZ;6;11,4472
sample500-149700.gr;BFS;MATRIZ;7;11,2899
sample500-149700.gr;BFS;MATRIZ;8;11,4489
sample500-149700.gr;BFS;MATRIZ;9;11,2263
sample500-149700.gr;BFS;MATRIZ;10;11,2240
sample500-149700.gr;BFS;MATRIZ;11;22,6376
sample500-149700.gr;DFS;LISTA;1;12,1441
sample500-149700.gr;DFS;LISTA;2;14,4645
sample500-149700.gr;DFS;LISTA;3;14,4375
sample500-149700.gr;DFS;LISTA;4;14,1424
sample500-149700.gr;DFS;LISTA;5;14,1258
sample500-149700.gr;DFS;LISTA;6;14,2219
sample500-149700.gr;DFS;LISTA;7;11,2106
sample500-149700.gr;DFS;LISTA;8;7,1003
sample500-149700.gr;DFS;LISTA;9;7,4463
sample500-149700.gr;DFS;LISTA;10;6,9284
sample500-149700.gr;DFS;LISTA;11;10,3364
sample500-149700.gr;DFS;MATRIZ;1;17,3564
sample500-149700.gr;DFS;MATRIZ;2;17,2571
sample500-149700.gr;DFS;MATRIZ;3;16,8461
sample500-149700.gr;DFS;MATRIZ;4;16,8535
sample500-149700.gr;DFS;MATRIZ;5;15,9729
sample500-149700.gr;DFS;MATRIZ;6;10,9712
sample500-149700.gr;DFS;MATRIZ;7;11,2685
sample500-149700.gr;DFS;MATRIZ;8;11,5992
sample500-149700.gr;DFS;MATRIZ;9;11,0541
sample500-149700.gr;DFS;MATRIZ;10;11,1864
sample500-149700.gr;DFS;MATRIZ;11;11,2870
sample500-149700.gr;KRUSKAL;LISTA;1;44,2350
sample500-149700.gr;KRUSKAL;LISTA;2;44,3697
sample500-149700.gr;KRUSKAL;LISTA;3;42,7862
sample500-149700.gr;KRUSKAL;LISTA;4;42,3294
sample500-149700.gr;KRUSKAL;LISTA;5;41,9196
sample500-149700.gr;KRUSKAL;LISTA;6;41,2106
sample500-149700.gr;KRUSKAL;LISTA;7;41,5006
sample500-149700.gr;KRUSKAL;LISTA;8;41,3689
sample500-149700.gr;KRUSKAL;LISTA;9;40,8085
sample500-149700.gr;KRUSKAL;LISTA;10;40,9064
sample500-149700.gr;KRUSKAL;LISTA;11;41,1698
sample500-149700.gr;KRUSKAL;MATRIZ;1;41,8392
sample500-149700.gr;KRUSKAL;MATRIZ;2;42,1669
sample500-149700.gr;KRUSKAL;MATRIZ;3;42,2994
sample500-149700.gr;KRUSKAL;MATRIZ;4;42,0437
sample500-149700.gr;KRUSKAL;MATRIZ;5;42,7969
sample500-149700.gr;KRUSKAL;MATRIZ;6;42,0566
sample500-149700.gr;KRUSKAL;MATRIZ;7;41,7751
sample500-149700.gr;KRUSKAL;MATRIZ;8;42,2842
sample500-149700.gr;KRUSKAL;MATRIZ;9;41,9808
sample500-149700.gr;KRUSKAL;MATRIZ;10;42,1018
sample500-149700.gr;KRUSKAL;MATRIZ;11;114,2900
sample500-149700.gr;PRIM;LISTA;1;62,3040
sample500-149700.gr;PRIM;LISTA;2;53,8554
sample500-149700.gr;PRIM;LISTA;3;52,9820
sample500-149700.gr;PRIM;LISTA;4;53,8972
sample500-149700.gr;PRIM;LISTA;5;55,5458
sample500-149700.gr;PRIM;LISTA;6;60,7411
sample500-149700.gr;PRIM;LISTA;7;53,1846
sample500-149700.gr;PRIM;LISTA;8;52,4459
sample500-149700.gr;PRIM;LISTA;9;52,6929
sample500-149700.gr;PRIM;LISTA;10;53,4799
sample500-149700.gr;PRIM;LISTA;11;51,5599
sample500-149700.gr;PRIM;MATRIZ;1;55,6577
sample500-149700.gr;PRIM;MATRIZ;2;55,5202
sample500-149700.gr;PRIM;MATRIZ;3;57,2006
sample500-149700.gr;PRIM;MATRIZ;4;57,2658
sample500-149700.gr;PRIM;MATRIZ;5;62,2842
sample500-149700.gr;PRIM;MATRIZ;6;61,6234
sample500-149700.gr;PRIM;MATRIZ;7;56,6318
sample500-149700.gr;PRIM;MATRIZ;8;60,3001
sample500-149700.gr;PRIM;MATRIZ;9;65,6959
sample500-149700.gr;PRIM;MATRIZ;10;68,8278
sample500-149700.gr;PRIM;MATRIZ;11;70,5005
sample500-149700.gr;DIJKSTRA;LISTA;1;17,6450
sample500-149700.gr;DIJKSTRA;LISTA;2;16,1429
sample500-149700.gr;DIJKSTRA;LISTA;3;17,3511
sample500-149700.gr;DIJKSTRA;LISTA;4;16,1258
sample500-149700.gr;DIJKSTRA;LISTA;5;16,4153
sample500-149700.gr;DIJKSTRA;LISTA;6;16,5229
sample500-149700.gr;DIJKSTRA;LISTA;7;16,2814
sample500-149700.gr;DIJKSTRA;LISTA;8;13,6491
sample500-149700.gr;DIJKSTRA;LISTA;9;8,8599
sample500-149700.gr;DIJKSTRA;LISTA;10;8,6725
sample500-149700.gr;DIJKSTRA;LISTA;11;8,7369
sample500-149700.gr;DIJKSTRA;MATRIZ;1;17,3770
sample500-149700.gr;DIJKSTRA;MATRIZ;2;17,8935
sample500-149700.gr;DIJKSTRA;MATRIZ;3;110,3488
sample500-149700.gr;DIJKSTRA;MATRIZ;4;25,6505
sample500-149700.gr;DIJKSTRA;MATRIZ;5;26,6502
sample500-149700.gr;DIJKSTRA;MATRIZ;6;19,2705
sample500-149700.gr;DIJKSTRA;MATRIZ;7;18,2338
sample500-149700.gr;DIJKSTRA;MATRIZ;8;30,1902
sample500-149700.gr;DIJKSTRA;MATRIZ;9;27,0737
sample500-149700.gr;DIJKSTRA;MATRIZ;10;26,5422
sample500-149700.gr;DIJKSTRA;MATRIZ;11;26,5242
sample500-149700.gr;BELLMANFORD;LISTA;1;117,4845
sample500-149700.gr;BELLMANFORD;LISTA;2;113,0368
sample500-149700.gr;BELLMANFORD;LISTA;3;114,4831
sample500-149700.gr;BELLMANFORD;LISTA;4;112,0039
sample500-149700.gr;BELLMANFORD;LISTA;5;109,5704
sample500-149700.gr;BELLMANFORD;LISTA;6;111,3495
sample500-149700.gr;BELLMANFORD;LISTA;7;110,0890
sample500-149700.gr;BELLMANFORD;LISTA;8;110,4841
sample500-149700.gr;BELLMANFORD;LISTA;9;112,7961
sample500-149700.gr;BELLMANFORD;LISTA;10;112,7157
sample500-149700.gr;BELLMANFORD;LISTA;11;110,2635
sample500-149700.gr;BELLMANFORD;MATRIZ;1;1127,9560
sample500-149700.gr;BELLMANFORD;MATRIZ;2;1057,7266
sample500-149700.gr;BELLMANFORD;MATRIZ;3;1064,9257
sample500-149700.gr;BELLMANFORD;MATRIZ;4;1064,4187
sample500-149700.gr;BELLMANFORD;MATRIZ;5;1078,8529
sample500-149700.gr;BELLMANFORD;MATRIZ;6;1061,9713
sample500-149700.gr;BELLMANFORD;MATRIZ;7;1059,2751
sample500-149700.gr;BELLMANFORD;MATRIZ;8;1062,7873
sample500-149700.gr;BELLMANFORD;MATRIZ;9;1059,5531
sample500-149700.gr;BELLMANFORD;MATRIZ;10;1062,6826
sample500-149700.gr;BELLMANFORD;MATRIZ;11;1060,3651
sample500-149700.gr;FLOYDWARSHALL;LISTA;1;5008,2593
sample500-149700.gr;FLOYDWARSHALL;LISTA;2;4836,8561
sample500-149700.gr;FLOYDWARSHALL;LISTA;3;4912,6400
sample500-149700.gr;FLOYDWARSHALL;LISTA;4;5052,3285
sample500-149700.gr;FLOYDWARSHALL;LISTA;5;6179,5077
sample500-149700.gr;FLOYDWARSHALL;LISTA;6;5893,5063
sample500-149700.gr;FLOYDWARSHALL;LISTA;7;4930,0591
sample500-149700.gr;FLOYDWARSHALL;LISTA;8;4981,9950
sample500-149700.gr;FLOYDWARSHALL;LISTA;9;4990,0268
sample500-149700.gr;FLOYDWARSHALL;LISTA;10;4965,8731
sample500-149700.gr;FLOYDWARSHALL;LISTA;11;5052,3148
sample500-149700.gr;FLOYDWARSHALL;MATRIZ;1;4946,0423
sample500-149700.gr;FLOYDWARSHALL;MATRIZ;2;5018,7248
sample500-149700.gr;FLOYDWARSHALL;MATRIZ;3;4996,8596
sample500-149700.gr;FLOYDWARSHALL;MATRIZ;4;4973,0987
sample500-149700.gr;FLOYDWARSHALL;MATRIZ;5;4939,3959
sample500-149700.gr;FLOYDWARSHALL;MATRIZ;6;4860,2311
sample500-149700.gr;FLOYDWARSHALL;MATRIZ;7;5037,0869
sample500-149700.gr;FLOYDWARSHALL;MATRIZ;8;4895,8095
sample500-149700.gr;FLOYDWARSHALL;MATRIZ;9;6310,5930
sample500-149700.gr;FLOYDWARSHALL;MATRIZ;10;6367,5738
sample500-149700.gr;FLOYDWARSHALL;MATRIZ;11;4894,2633
sample500-199600.gr;BFS;LISTA;1;10,9016
sample500-199600.gr;BFS;LISTA;2;9,8441
sample500-199600.gr;BFS;LISTA;3;10,0767
sample500-199600.gr;BFS;LISTA;4;9,7228
sample500-199600.gr;BFS;LISTA;5;10,0124
sample500-199600.gr;BFS;LISTA;6;10,0292
sample500-199600.gr;BFS;LISTA;7;9,9865
sample500-199600.gr;BFS;LISTA;8;10,2984
sample500-199600.gr;BFS;LISTA;9;10,2368
sample500-199600.gr;BFS;LISTA;10;10,5062
sample500-199600.gr;BFS;LISTA;11;10,2971
sample500-199600.gr;BFS;MATRIZ;1;10,9253
sample500-199600.gr;BFS;MATRIZ;2;10,9407
sample500-199600.gr;BFS;MATRIZ;3;10,9615
sample500-199600.gr;BFS;MATRIZ;4;10,6950
sample500-199600.gr;BFS;MATRIZ;5;10,9313
sample500-199600.gr;BFS;MATRIZ;6;10,8119
sample500-199600.gr;BFS;MATRIZ;7;10,7175
sample500-199600.gr;BFS;MATRIZ;8;10,8672
sample500-199600.gr;BFS;MATRIZ;9;10,7577
sample500-199600.gr;BFS;MATRIZ;10;10,5595
sample500-199600.gr;BFS;MATRIZ;11;24,4318
sample500-199600.gr;DFS;LISTA;1;7,3054
sample500-199600.gr;DFS;LISTA;2;13,3841
sample500-199600.gr;DFS;LISTA;3;13,5871
sample500-199600.gr;DFS;LISTA;4;13,6775
sample500-199600.gr;DFS;LISTA;5;13,9209
sample500-199600.gr;DFS;LISTA;6;13,7138
sample500-199600.gr;DFS;LISTA;7;13,6711
sample500-199600.gr;DFS;LISTA;8;10,6824
sample500-199600.gr;DFS;LISTA;9;6,7451
sample500-199600.gr;DFS;LISTA;10;7,0582
sample500-199600.gr;DFS;LISTA;11;6,7265
sample500-199600.gr;DFS;MATRIZ;1;11,1538
sample500-199600.gr;DFS;MATRIZ;2;10,9767
sample500-199600.gr;DFS;MATRIZ;3;11,0018
sample500-199600.gr;DFS;MATRIZ;4;11,1092
sample500-199600.gr;DFS;MATRIZ;5;11,6192
sample500-199600.gr;DFS;MATRIZ;6;11,2620
sample500-199600.gr;DFS;MATRIZ;7;11,3249
sample500-199600.gr;DFS;MATRIZ;8;11,8555
sample500-199600.gr;DFS;MATRIZ;9;11,2215
sample500-199600.gr;DFS;MATRIZ;10;11,5946
sample500-199600.gr;DFS;MATRIZ;11;11,3823
sample500-199600.gr;KRUSKAL;LISTA;1;49,5700
sample500-199600.gr;KRUSKAL;LISTA;2;48,4636
sample500-199600.gr;KRUSKAL;LISTA;3;47,6848
sample500-199600.gr;KRUSKAL;LISTA;4;47,6732
sample500-199600.gr;KRUSKAL;LISTA;5;47,8852
sample500-199600.gr;KRUSKAL;LISTA;6;47,3018
sample500-199600.gr;KRUSKAL;LISTA;7;46,1233
sample500-199600.gr;KRUSKAL;LISTA;8;46,5190
sample500-199600.gr;KRUSKAL;LISTA;9;45,7843
sample500-199600.gr;KRUSKAL;LISTA;10;45,9495
sample500-199600.gr;KRUSKAL;LISTA;11;45,1433
sample500-199600.gr;KRUSKAL;MATRIZ;1;91,7193
sample500-199600.gr;KRUSKAL;MATRIZ;2;61,1503
sample500-199600.gr;KRUSKAL;MATRIZ;3;50,2192
sample500-199600.gr;KRUSKAL;MATRIZ;4;49,3173
sample500-199600.gr;KRUSKAL;MATRIZ;5;49,1801
sample500-199600.gr;KRUSKAL;MATRIZ;6;49,5486
sample500-199600.gr;KRUSKAL;MATRIZ;7;47,9264
sample500-199600.gr;KRUSKAL;MATRIZ;8;48,0380
sample500-199600.gr;KRUSKAL;MATRIZ;9;48,4472
sample500-199600.gr;KRUSKAL;MATRIZ;10;48,2358
sample500-199600.gr;KRUSKAL;MATRIZ;11;49,0170
sample500-199600.gr;PRIM;LISTA;1;58,4150
sample500-199600.gr;PRIM;LISTA;2;57,7410
sample500-199600.gr;PRIM;LISTA;3;58,2949
sample500-199600.gr;PRIM;LISTA;4;57,5497
sample500-199600.gr;PRIM;LISTA;5;57,2607
sample500-199600.gr;PRIM;LISTA;6;57,8904
sample500-199600.gr;PRIM;LISTA;7;58,3485
sample500-199600.gr;PRIM;LISTA;8;57,4458
sample500-199600.gr;PRIM;LISTA;9;57,6975
sample500-199600.gr;PRIM;LISTA;10;59,4078
sample500-199600.gr;PRIM;LISTA;11;58,3321
sample500-199600.gr;PRIM;MATRIZ;1;63,0543
sample500-199600.gr;PRIM;MATRIZ;2;176,3021
sample500-199600.gr;PRIM;MATRIZ;3;83,1498
sample500-199600.gr;PRIM;MATRIZ;4;80,8650
sample500-199600.gr;PRIM;MATRIZ;5;68,8482
sample500-199600.gr;PRIM;MATRIZ;6;67,2982
sample500-199600.gr;PRIM;MATRIZ;7;66,4033
sample500-199600.gr;PRIM;MATRIZ;8;64,7445
sample500-199600.gr;PRIM;MATRIZ;9;65,2408
sample500-199600.gr;PRIM;MATRIZ;10;97,3925
sample500-199600.gr;PRIM;MATRIZ;11;72,9184
sample500-199600.gr;DIJKSTRA;LISTA;1;11,0114
sample500-199600.gr;DIJKSTRA;LISTA;2;9,1618
sample500-199600.gr;DIJKSTRA;LISTA;3;9,0557
sample500-199600.gr;DIJKSTRA;LISTA;4;9,4124
sample500-199600.gr;DIJKSTRA;LISTA;5;9,1821
sample500-199600.gr;DIJKSTRA;LISTA;6;9,7439
sample500-199600.gr;DIJKSTRA;LISTA;7;9,1608
sample500-199600.gr;DIJKSTRA;LISTA;8;9,5884
sample500-199600.gr;DIJKSTRA;LISTA;9;9,2427
sample500-199600.gr;DIJKSTRA;LISTA;10;9,1943
sample500-199600.gr;DIJKSTRA;LISTA;11;9,0398
sample500-199600.gr;DIJKSTRA;MATRIZ;1;33,9544
sample500-199600.gr;DIJKSTRA;MATRIZ;2;28,1107
sample500-199600.gr;DIJKSTRA;MATRIZ;3;29,5115
sample500-199600.gr;DIJKSTRA;MATRIZ;4;23,3812
sample500-199600.gr;DIJKSTRA;MATRIZ;5;25,6452
sample500-199600.gr;DIJKSTRA;MATRIZ;6;20,8499
sample500-199600.gr;DIJKSTRA;MATRIZ;7;16,4589
sample500-199600.gr;DIJKSTRA;MATRIZ;8;19,5003
sample500-199600.gr;DIJKSTRA;MATRIZ;9;16,2097
sample500-199600.gr;DIJKSTRA;MATRIZ;10;16,3982
sample500-199600.gr;DIJKSTRA;MATRIZ;11;24,7883
sample500-199600.gr;BELLMANFORD;LISTA;1;123,4877
sample500-199600.gr;BELLMANFORD;LISTA;2;122,4360
sample500-199600.gr;BELLMANFORD;LISTA;3;125,4519
sample500-199600.gr;BELLMANFORD;LISTA;4;131,9190
sample500-199600.gr;BELLMANFORD;LISTA;5;123,6197
sample500-199600.gr;BELLMANFORD;LISTA;6;127,2687
sample500-199600.gr;BELLMANFORD;LISTA;7;123,1829
sample500-199600.gr;BELLMANFORD;LISTA;8;121,9161
sample500-199600.gr;BELLMANFORD;LISTA;9;121,3914
sample500-199600.gr;BELLMANFORD;LISTA;10;122,7002
sample500-199600.gr;BELLMANFORD;LISTA;11;123,1566
sample500-199600.gr;BELLMANFORD;MATRIZ;1;1095,4035
sample500-199600.gr;BELLMANFORD;MATRIZ;2;993,1073
sample500-199600.gr;BELLMANFORD;MATRIZ;3;988,2008
sample500-199600.gr;BELLMANFORD;MATRIZ;4;1005,3790
sample500-199600.gr;BELLMANFORD;MATRIZ;5;995,8086
sample500-199600.gr;BELLMANFORD;MATRIZ;6;998,1484
sample500-199600.gr;BELLMANFORD;MATRIZ;7;984,8801
sample500-199600.gr;BELLMANFORD;MATRIZ;8;989,4083
sample500-199600.gr;BELLMANFORD;MATRIZ;9;988,7546
sample500-199600.gr;BELLMANFORD;MATRIZ;10;988,6518
sample500-199600.gr;BELLMANFORD;MATRIZ;11;984,9365
sample500-199600.gr;FLOYDWARSHALL;LISTA;1;4758,3453
sample500-199600.gr;FLOYDWARSHALL;LISTA;2;6606,1796
sample500-199600.gr;FLOYDWARSHALL;LISTA;3;5558,9905
sample500-199600.gr;FLOYDWARSHALL;LISTA;4;5029,0358
sample500-199600.gr;FLOYDWARSHALL;LISTA;5;5078,1642
sample500-199600.gr;FLOYDWARSHALL;LISTA;6;5074,5865
sample500-199600.gr;FLOYDWARSHALL;LISTA;7;5971,6919
sample500-199600.gr;FLOYDWARSHALL;LISTA;8;5697,3933
sample500-199600.gr;FLOYDWARSHALL;LISTA;9;6485,7006
sample500-199600.gr;FLOYDWARSHALL;LISTA;10;6365,8466
sample500-199600.gr;FLOYDWARSHALL;LISTA;11;6633,7893
sample500-199600.gr;FLOYDWARSHALL;MATRIZ;1;6132,3477
sample500-199600.gr;FLOYDWARSHALL;MATRIZ;2;5068,7816
sample500-199600.gr;FLOYDWARSHALL;MATRIZ;3;5126,2057
sample500-199600.gr;FLOYDWARSHALL;MATRIZ;4;5004,3565
sample500-199600.gr;FLOYDWARSHALL;MATRIZ;5;6176,9668
sample500-199600.gr;FLOYDWARSHALL;MATRIZ;6;6072,6856
sample500-199600.gr;FLOYDWARSHALL;MATRIZ;7;5965,0271
sample500-199600.gr;FLOYDWARSHALL;MATRIZ;8;6058,0661
sample500-199600.gr;FLOYDWARSHALL;MATRIZ;9;5567,5166
sample500-199600.gr;FLOYDWARSHALL;MATRIZ;10;5005,7857
sample500-199600.gr;FLOYDWARSHALL;MATRIZ;11;5010,8736
sample500-249500.gr;BFS;LISTA;1;10,6661
sample500-249500.gr;BFS;LISTA;2;10,0927
sample500-249500.gr;BFS;LISTA;3;9,6584
sample500-249500.gr;BFS;LISTA;4;10,3604
sample500-249500.gr;BFS;LISTA;5;10,4575
sample500-249500.gr;BFS;LISTA;6;9,9916
sample500-249500.gr;BFS;LISTA;7;10,2847
sample500-249500.gr;BFS;LISTA;8;9,9986
sample500-249500.gr;BFS;LISTA;9;10,3603
sample500-249500.gr;BFS;LISTA;10;10,3874
sample500-249500.gr;BFS;LISTA;11;9,8737
sample500-249500.gr;BFS;MATRIZ;1;10,5342
sample500-249500.gr;BFS;MATRIZ;2;10,3950
sample500-249500.gr;BFS;MATRIZ;3;10,3123
sample500-249500.gr;BFS;MATRIZ;4;10,6037
sample500-249500.gr;BFS;MATRIZ;5;10,2265
sample500-249500.gr;BFS;MATRIZ;6;10,3146
sample500-249500.gr;BFS;MATRIZ;7;10,3475
sample500-249500.gr;BFS;MATRIZ;8;10,4304
sample500-249500.gr;BFS;MATRIZ;9;10,6641
sample500-249500.gr;BFS;MATRIZ;10;10,5199
sample500-249500.gr;BFS;MATRIZ;11;10,4534
sample500-249500.gr;DFS;LISTA;1;9,3415
sample500-249500.gr;DFS;LISTA;2;7,5026
sample500-249500.gr;DFS;LISTA;3;7,9119
sample500-249500.gr;DFS;LISTA;4;7,2483
sample500-249500.gr;DFS;LISTA;5;8,0403
sample500-249500.gr;DFS;LISTA;6;7,3272
sample500-249500.gr;DFS;LISTA;7;8,1877
sample500-249500.gr;DFS;LISTA;8;7,2537
sample500-249500.gr;DFS;LISTA;9;8,7729
sample500-249500.gr;DFS;LISTA;10;7,3186
sample500-249500.gr;DFS;LISTA;11;8,4782
sample500-249500.gr;DFS;MATRIZ;1;16,5881
sample500-249500.gr;DFS;MATRIZ;2;16,2653
sample500-249500.gr;DFS;MATRIZ;3;16,3201
sample500-249500.gr;DFS;MATRIZ;4;16,8430
sample500-249500.gr;DFS;MATRIZ;5;16,7549
sample500-249500.gr;DFS;MATRIZ;6;12,5588
sample500-249500.gr;DFS;MATRIZ;7;10,7265
sample500-249500.gr;DFS;MATRIZ;8;10,9383
sample500-249500.gr;DFS;MATRIZ;9;10,9318
sample500-249500.gr;DFS;MATRIZ;10;10,8604
sample500-249500.gr;DFS;MATRIZ;11;32,9411
sample500-249500.gr;KRUSKAL;LISTA;1;60,7460
sample500-249500.gr;KRUSKAL;LISTA;2;61,3124
sample500-249500.gr;KRUSKAL;LISTA;3;51,6745
sample500-249500.gr;KRUSKAL;LISTA;4;52,3752
sample500-249500.gr;KRUSKAL;LISTA;5;59,4399
sample500-249500.gr;KRUSKAL;LISTA;6;53,5909
sample500-249500.gr;KRUSKAL;LISTA;7;50,4598
sample500-249500.gr;KRUSKAL;LISTA;8;49,8846
sample500-249500.gr;KRUSKAL;LISTA;9;49,8853
sample500-249500.gr;KRUSKAL;LISTA;10;48,7783
sample500-249500.gr;KRUSKAL;LISTA;11;48,3317
sample500-249500.gr;KRUSKAL;MATRIZ;1;50,9396
sample500-249500.gr;KRUSKAL;MATRIZ;2;53,8427
sample500-249500.gr;KRUSKAL;MATRIZ;3;52,6011
sample500-249500.gr;KRUSKAL;MATRIZ;4;51,2050
sample500-249500.gr;KRUSKAL;MATRIZ;5;50,9733
sample500-249500.gr;KRUSKAL;MATRIZ;6;50,8656
sample500-249500.gr;KRUSKAL;MATRIZ;7;52,0005
sample500-249500.gr;KRUSKAL;MATRIZ;8;51,4470
sample500-249500.gr;KRUSKAL;MATRIZ;9;50,9272
sample500-249500.gr;KRUSKAL;MATRIZ;10;51,2438
sample500-249500.gr;KRUSKAL;MATRIZ;11;51,0892
sample500-249500.gr;PRIM;LISTA;1;61,3069
sample500-249500.gr;PRIM;LISTA;2;61,4550
sample500-249500.gr;PRIM;LISTA;3;61,5333
sample500-249500.gr;PRIM;LISTA;4;61,2950
sample500-249500.gr;PRIM;LISTA;5;61,8369
sample500-249500.gr;PRIM;LISTA;6;62,3208
sample500-249500.gr;PRIM;LISTA;7;61,6437
sample500-249500.gr;PRIM;LISTA;8;61,7794
sample500-249500.gr;PRIM;LISTA;9;61,2880
sample500-249500.gr;PRIM;LISTA;10;61,2653
sample500-249500.gr;PRIM;LISTA;11;61,9539
sample500-249500.gr;PRIM;MATRIZ;1;66,4697
sample500-249500.gr;PRIM;MATRIZ;2;66,9452
sample500-249500.gr;PRIM;MATRIZ;3;69,7841
sample500-249500.gr;PRIM;MATRIZ;4;67,4413
sample500-249500.gr;PRIM;MATRIZ;5;70,8201
sample500-249500.gr;PRIM;MATRIZ;6;74,7500
sample500-249500.gr;PRIM;MATRIZ;7;67,5334
sample500-249500.gr;PRIM;MATRIZ;8;67,5762
sample500-249500.gr;PRIM;MATRIZ;9;66,8535
sample500-249500.gr;PRIM;MATRIZ;10;69,2305
sample500-249500.gr;PRIM;MATRIZ;11;70,1320
sample500-249500.gr;DIJKSTRA;LISTA;1;9,4463
sample500-249500.gr;DIJKSTRA;LISTA;2;9,2338
sample500-249500.gr;DIJKSTRA;LISTA;3;8,7259
sample500-249500.gr;DIJKSTRA;LISTA;4;8,9883
sample500-249500.gr;DIJKSTRA;LISTA;5;8,8329
sample500-249500.gr;DIJKSTRA;LISTA;6;8,7525
sample500-249500.gr;DIJKSTRA;LISTA;7;8,8260
sample500-249500.gr;DIJKSTRA;LISTA;8;8,5397
sample500-249500.gr;DIJKSTRA;LISTA;9;8,7589
sample500-249500.gr;DIJKSTRA;LISTA;10;8,8593
sample500-249500.gr;DIJKSTRA;LISTA;11;8,4861
sample500-249500.gr;DIJKSTRA;MATRIZ;1;163,5773
sample500-249500.gr;DIJKSTRA;MATRIZ;2;26,9805
sample500-249500.gr;DIJKSTRA;MATRIZ;3;22,7707
sample500-249500.gr;DIJKSTRA;MATRIZ;4;18,1506
sample500-249500.gr;DIJKSTRA;MATRIZ;5;17,7984
sample500-249500.gr;DIJKSTRA;MATRIZ;6;69,7232
sample500-249500.gr;DIJKSTRA;MATRIZ;7;27,0448
sample500-249500.gr;DIJKSTRA;MATRIZ;8;26,8714
sample500-249500.gr;DIJKSTRA;MATRIZ;9;20,9286
sample500-249500.gr;DIJKSTRA;MATRIZ;10;19,3366
sample500-249500.gr;DIJKSTRA;MATRIZ;11;25,1284
sample500-249500.gr;BELLMANFORD;LISTA;1;185,4214
sample500-249500.gr;BELLMANFORD;LISTA;2;168,2662
sample500-249500.gr;BELLMANFORD;LISTA;3;160,1862
sample500-249500.gr;BELLMANFORD;LISTA;4;158,0831
sample500-249500.gr;BELLMANFORD;LISTA;5;153,2201
sample500-249500.gr;BELLMANFORD;LISTA;6;153,4154
sample500-249500.gr;BELLMANFORD;LISTA;7;166,2100
sample500-249500.gr;BELLMANFORD;LISTA;8;151,5340
sample500-249500.gr;BELLMANFORD;LISTA;9;153,3782
sample500-249500.gr;BELLMANFORD;LISTA;10;152,3261
sample500-249500.gr;BELLMANFORD;LISTA;11;153,3505
sample500-249500.gr;BELLMANFORD;MATRIZ;1;977,8974
sample500-249500.gr;BELLMANFORD;MATRIZ;2;959,9513
sample500-249500.gr;BELLMANFORD;MATRIZ;3;962,5903
sample500-249500.gr;BELLMANFORD;MATRIZ;4;953,7155
sample500-249500.gr;BELLMANFORD;MATRIZ;5;936,1585
sample500-249500.gr;BELLMANFORD;MATRIZ;6;954,3958
sample500-249500.gr;BELLMANFORD;MATRIZ;7;939,7588
sample500-249500.gr;BELLMANFORD;MATRIZ;8;943,2056
sample500-249500.gr;BELLMANFORD;MATRIZ;9;956,4501
sample500-249500.gr;BELLMANFORD;MATRIZ;10;939,7784
sample500-249500.gr;BELLMANFORD;MATRIZ;11;938,9048
sample500-249500.gr;FLOYDWARSHALL;LISTA;1;4922,3696
sample500-249500.gr;FLOYDWARSHALL;LISTA;2;5004,1295
sample500-249500.gr;FLOYDWARSHALL;LISTA;3;4928,2266
sample500-249500.gr;FLOYDWARSHALL;LISTA;4;4816,8350
sample500-249500.gr;FLOYDWARSHALL;LISTA;5;4928,5361
sample500-249500.gr;FLOYDWARSHALL;LISTA;6;4910,7111
sample500-249500.gr;FLOYDWARSHALL;LISTA;7;5167,8261
sample500-249500.gr;FLOYDWARSHALL;LISTA;8;4948,4817
sample500-249500.gr;FLOYDWARSHALL;LISTA;9;5617,2560
sample500-249500.gr;FLOYDWARSHALL;LISTA;10;6066,8673
sample500-249500.gr;FLOYDWARSHALL;LISTA;11;5297,2843
sample500-249500.gr;FLOYDWARSHALL;MATRIZ;1;5297,1306
sample500-249500.gr;FLOYDWARSHALL;MATRIZ;2;5498,5083
sample500-249500.gr;FLOYDWARSHALL;MATRIZ;3;5641,4262
sample500-249500.gr;FLOYDWARSHALL;MATRIZ;4;5419,4970
sample500-249500.gr;FLOYDWARSHALL;MATRIZ;5;5922,4922
sample500-249500.gr;FLOYDWARSHALL;MATRIZ;6;6046,5137
sample500-249500.gr;FLOYDWARSHALL;MATRIZ;7;5648,1145
sample500-249500.gr;FLOYDWARSHALL;MATRIZ;8;5662,3068
sample500-249500.gr;FLOYDWARSHALL;MATRIZ;9;4901,4285
sample500-249500.gr;FLOYDWARSHALL;MATRIZ;10;4892,7551
sample500-249500.gr;FLOYDWARSHALL;MATRIZ;11;5061,8011
sample500-49900.gr;BFS;LISTA;1;8,6603
sample500-49900.gr;BFS;LISTA;2;8,9664
sample500-49900.gr;BFS;LISTA;3;8,4867
sample500-49900.gr;BFS;LISTA;4;8,6379
sample500-49900.gr;BFS;LISTA;5;8,3206
sample500-49900.gr;BFS;LISTA;6;8,5464
sample500-49900.gr;BFS;LISTA;7;8,6233
sample500-49900.gr;BFS;LISTA;8;8,8942
sample500-49900.gr;BFS;LISTA;9;8,8194
sample500-49900.gr;BFS;LISTA;10;8,6486
sample500-49900.gr;BFS;LISTA;11;8,8697
sample500-49900.gr;BFS;MATRIZ;1;10,4762
sample500-49900.gr;BFS;MATRIZ;2;10,3947
sample500-49900.gr;BFS;MATRIZ;3;10,3426
sample500-49900.gr;BFS;MATRIZ;4;10,1840
sample500-49900.gr;BFS;MATRIZ;5;10,2738
sample500-49900.gr;BFS;MATRIZ;6;10,2317
sample500-49900.gr;BFS;MATRIZ;7;10,4760
sample500-49900.gr;BFS;MATRIZ;8;10,3109
sample500-49900.gr;BFS;MATRIZ;9;10,2795
sample500-49900.gr;BFS;MATRIZ;10;10,3673
sample500-49900.gr;BFS;MATRIZ;11;10,3722
sample500-49900.gr;DFS;LISTA;1;7,6056
sample500-49900.gr;DFS;LISTA;2;6,2147
sample500-49900.gr;DFS;LISTA;3;6,3092
sample500-49900.gr;DFS;LISTA;4;7,4206
sample500-49900.gr;DFS;LISTA;5;12,6616
sample500-49900.gr;DFS;LISTA;6;12,7593
sample500-49900.gr;DFS;LISTA;7;12,7594
sample500-49900.gr;DFS;LISTA;8;12,7318
sample500-49900.gr;DFS;LISTA;9;13,0571
sample500-49900.gr;DFS;LISTA;10;12,8990
sample500-49900.gr;DFS;LISTA;11;10,9326
sample500-49900.gr;DFS;MATRIZ;1;10,4920
sample500-49900.gr;DFS;MATRIZ;2;10,5207
sample500-49900.gr;DFS;MATRIZ;3;10,6796
sample500-49900.gr;DFS;MATRIZ;4;10,4604
sample500-49900.gr;DFS;MATRIZ;5;10,4284
sample500-49900.gr;DFS;MATRIZ;6;10,5601
sample500-49900.gr;DFS;MATRIZ;7;10,5888
sample500-49900.gr;DFS;MATRIZ;8;10,8325
sample500-49900.gr;DFS;MATRIZ;9;10,6270
sample500-49900.gr;DFS;MATRIZ;10;10,7894
sample500-49900.gr;DFS;MATRIZ;11;10,7485
sample500-49900.gr;KRUSKAL;LISTA;1;23,6691
sample500-49900.gr;KRUSKAL;LISTA;2;22,7546
sample500-49900.gr;KRUSKAL;LISTA;3;22,1018
sample500-49900.gr;KRUSKAL;LISTA;4;22,2893
sample500-49900.gr;KRUSKAL;LISTA;5;22,6221
sample500-49900.gr;KRUSKAL;LISTA;6;34,4209
sample500-49900.gr;KRUSKAL;LISTA;7;21,8676
sample500-49900.gr;KRUSKAL;LISTA;8;21,4812
sample500-49900.gr;KRUSKAL;LISTA;9;22,2390
sample500-49900.gr;KRUSKAL;LISTA;10;21,5505
sample500-49900.gr;KRUSKAL;LISTA;11;21,5066
sample500-49900.gr;KRUSKAL;MATRIZ;1;22,8982
sample500-49900.gr;KRUSKAL;MATRIZ;2;22,6229
sample500-49900.gr;KRUSKAL;MATRIZ;3;22,2722
sample500-49900.gr;KRUSKAL;MATRIZ;4;25,8390
sample500-49900.gr;KRUSKAL;MATRIZ;5;27,7018
sample500-49900.gr;KRUSKAL;MATRIZ;6;30,9335
sample500-49900.gr;KRUSKAL;MATRIZ;7;33,3124
sample500-49900.gr;KRUSKAL;MATRIZ;8;30,6610
sample500-49900.gr;KRUSKAL;MATRIZ;9;25,6258
sample500-49900.gr;KRUSKAL;MATRIZ;10;34,9805
sample500-49900.gr;KRUSKAL;MATRIZ;11;30,7088
sample500-49900.gr;PRIM;LISTA;1;27,2405
sample500-49900.gr;PRIM;LISTA;2;26,9890
sample500-49900.gr;PRIM;LISTA;3;27,2582
sample500-49900.gr;PRIM;LISTA;4;27,5746
sample500-49900.gr;PRIM;LISTA;5;27,2163
sample500-49900.gr;PRIM;LISTA;6;26,9287
sample500-49900.gr;PRIM;LISTA;7;26,7550
sample500-49900.gr;PRIM;LISTA;8;27,4458
sample500-49900.gr;PRIM;LISTA;9;26,8925
sample500-49900.gr;PRIM;LISTA;10;26,8188
sample500-49900.gr;PRIM;LISTA;11;26,4797
sample500-49900.gr;PRIM;MATRIZ;1;31,2648
sample500-49900.gr;PRIM;MATRIZ;2;31,0702
sample500-49900.gr;PRIM;MATRIZ;3;31,1739
sample500-49900.gr;PRIM;MATRIZ;4;31,6064
sample500-49900.gr;PRIM;MATRIZ;5;31,1235
sample500-49900.gr;PRIM;MATRIZ;6;31,3887
sample500-49900.gr;PRIM;MATRIZ;7;30,7988
sample500-49900.gr;PRIM;MATRIZ;8;30,9576
sample500-49900.gr;PRIM;MATRIZ;9;31,0363
sample500-49900.gr;PRIM;MATRIZ;10;30,1943
sample500-49900.gr;PRIM;MATRIZ;11;30,8706
sample500-49900.gr;DIJKSTRA;LISTA;1;7,8674
sample500-49900.gr;DIJKSTRA;LISTA;2;7,7844
sample500-49900.gr;DIJKSTRA;LISTA;3;7,4540
sample500-49900.gr;DIJKSTRA;LISTA;4;7,5241
sample500-49900.gr;DIJKSTRA;LISTA;5;7,6034
sample500-49900.gr;DIJKSTRA;LISTA;6;9,3946
sample500-49900.gr;DIJKSTRA;LISTA;7;14,8973
sample500-49900.gr;DIJKSTRA;LISTA;8;14,0329
sample500-49900.gr;DIJKSTRA;LISTA;9;14,2207
sample500-49900.gr;DIJKSTRA;LISTA;10;14,8389
sample500-49900.gr;DIJKSTRA;LISTA;11;15,0315
sample500-49900.gr;DIJKSTRA;MATRIZ;1;16,7716
sample500-49900.gr;DIJKSTRA;MATRIZ;2;14,3993
sample500-49900.gr;DIJKSTRA;MATRIZ;3;14,4307
sample500-49900.gr;DIJKSTRA;MATRIZ;4;14,3824
sample500-49900.gr;DIJKSTRA;MATRIZ;5;14,2302
sample500-49900.gr;DIJKSTRA;MATRIZ;6;14,3757
sample500-49900.gr;DIJKSTRA;MATRIZ;7;14,3441
sample500-49900.gr;DIJKSTRA;MATRIZ;8;14,2945
sample500-49900.gr;DIJKSTRA;MATRIZ;9;16,7914
sample500-49900.gr;DIJKSTRA;MATRIZ;10;13,9083
sample500-49900.gr;DIJKSTRA;MATRIZ;11;14,4814
sample500-49900.gr;BELLMANFORD;LISTA;1;68,1312
sample500-49900.gr;BELLMANFORD;LISTA;2;67,9919
sample500-49900.gr;BELLMANFORD;LISTA;3;67,5803
sample500-49900.gr;BELLMANFORD;LISTA;4;66,3395
sample500-49900.gr;BELLMANFORD;LISTA;5;66,2253
sample500-49900.gr;BELLMANFORD;LISTA;6;66,1460
sample500-49900.gr;BELLMANFORD;LISTA;7;66,2971
sample500-49900.gr;BELLMANFORD;LISTA;8;65,9449
sample500-49900.gr;BELLMANFORD;LISTA;9;66,0247
sample500-49900.gr;BELLMANFORD;LISTA;10;64,5602
sample500-49900.gr;BELLMANFORD;LISTA;11;64,6756
sample500-49900.gr;BELLMANFORD;MATRIZ;1;892,9571
sample500-49900.gr;BELLMANFORD;MATRIZ;2;891,2024
sample500-49900.gr;BELLMANFORD;MATRIZ;3;877,8943
sample500-49900.gr;BELLMANFORD;MATRIZ;4;880,2101
sample500-49900.gr;BELLMANFORD;MATRIZ;5;876,7031
sample500-49900.gr;BELLMANFORD;MATRIZ;6;873,1996
sample500-49900.gr;BELLMANFORD;MATRIZ;7;896,5344
sample500-49900.gr;BELLMANFORD;MATRIZ;8;891,0351
sample500-49900.gr;BELLMANFORD;MATRIZ;9;877,3948
sample500-49900.gr;BELLMANFORD;MATRIZ;10;874,5951
sample500-49900.gr;BELLMANFORD;MATRIZ;11;874,3453
sample500-49900.gr;FLOYDWARSHALL;LISTA;1;4990,1017
sample500-49900.gr;FLOYDWARSHALL;LISTA;2;4988,5685
sample500-49900.gr;FLOYDWARSHALL;LISTA;3;4951,9631
sample500-49900.gr;FLOYDWARSHALL;LISTA;4;4917,3312
sample500-49900.gr;FLOYDWARSHALL;LISTA;5;4822,5528
sample500-49900.gr;FLOYDWARSHALL;LISTA;6;4852,7448
sample500-49900.gr;FLOYDWARSHALL;LISTA;7;4841,7738
sample500-49900.gr;FLOYDWARSHALL;LISTA;8;4840,1649
sample500-49900.gr;FLOYDWARSHALL;LISTA;9;4892,0043
sample500-49900.gr;FLOYDWARSHALL;LISTA;10;5011,0013
sample500-49900.gr;FLOYDWARSHALL;LISTA;11;5454,3626
sample500-49900.gr;FLOYDWARSHALL;MATRIZ;1;7237,1350
sample500-49900.gr;FLOYDWARSHALL;MATRIZ;2;7223,6907
sample500-49900.gr;FLOYDWARSHALL;MATRIZ;3;6291,7249
sample500-49900.gr;FLOYDWARSHALL;MATRIZ;4;7400,3986
sample500-49900.gr;FLOYDWARSHALL;MATRIZ;5;6430,8890
sample500-49900.gr;FLOYDWARSHALL;MATRIZ;6;5157,3049
sample500-49900.gr;FLOYDWARSHALL;MATRIZ;7;5112,9867
sample500-49900.gr;FLOYDWARSHALL;MATRIZ;8;6616,9336
sample500-49900.gr;FLOYDWARSHALL;MATRIZ;9;5712,9472
sample500-49900.gr;FLOYDWARSHALL;MATRIZ;10;5937,9559
sample500-49900.gr;FLOYDWARSHALL;MATRIZ;11;5846,7722
sample500-99800.gr;BFS;LISTA;1;10,4496
sample500-99800.gr;BFS;LISTA;2;10,2060
sample500-99800.gr;BFS;LISTA;3;10,2277
sample500-99800.gr;BFS;LISTA;4;10,5867
sample500-99800.gr;BFS;LISTA;5;12,5496
sample500-99800.gr;BFS;LISTA;6;10,4340
sample500-99800.gr;BFS;LISTA;7;10,3469
sample500-99800.gr;BFS;LISTA;8;10,2913
sample500-99800.gr;BFS;LISTA;9;11,3864
sample500-99800.gr;BFS;LISTA;10;18,5750
sample500-99800.gr;BFS;LISTA;11;15,9247
sample500-99800.gr;BFS;MATRIZ;1;16,3316
sample500-99800.gr;BFS;MATRIZ;2;19,0860
sample500-99800.gr;BFS;MATRIZ;3;16,9783
sample500-99800.gr;BFS;MATRIZ;4;17,2365
sample500-99800.gr;BFS;MATRIZ;5;20,4338
sample500-99800.gr;BFS;MATRIZ;6;15,8756
sample500-99800.gr;BFS;MATRIZ;7;11,7641
sample500-99800.gr;BFS;MATRIZ;8;12,3694
sample500-99800.gr;BFS;MATRIZ;9;11,8451
sample500-99800.gr;BFS;MATRIZ;10;11,6653
sample500-99800.gr;BFS;MATRIZ;11;18,3658
sample500-99800.gr;DFS;LISTA;1;13,4001
sample500-99800.gr;DFS;LISTA;2;12,2905
sample500-99800.gr;DFS;LISTA;3;7,0864
sample500-99800.gr;DFS;LISTA;4;7,0380
sample500-99800.gr;DFS;LISTA;5;6,7481
sample500-99800.gr;DFS;LISTA;6;6,9328
sample500-99800.gr;DFS;LISTA;7;6,8784
sample500-99800.gr;DFS;LISTA;8;8,3711
sample500-99800.gr;DFS;LISTA;9;10,8931
sample500-99800.gr;DFS;LISTA;10;14,0127
sample500-99800.gr;DFS;LISTA;11;14,3084
sample500-99800.gr;DFS;MATRIZ;1;18,4962
sample500-99800.gr;DFS;MATRIZ;2;18,5013
sample500-99800.gr;DFS;MATRIZ;3;18,6051
sample500-99800.gr;DFS;MATRIZ;4;18,0038
sample500-99800.gr;DFS;MATRIZ;5;19,2992
sample500-99800.gr;DFS;MATRIZ;6;19,7071
sample500-99800.gr;DFS;MATRIZ;7;17,9105
sample500-99800.gr;DFS;MATRIZ;8;18,8793
sample500-99800.gr;DFS;MATRIZ;9;19,5553
sample500-99800.gr;DFS;MATRIZ;10;17,9572
sample500-99800.gr;DFS;MATRIZ;11;17,1437
sample500-99800.gr;KRUSKAL;LISTA;1;41,8619
sample500-99800.gr;KRUSKAL;LISTA;2;42,7572
sample500-99800.gr;KRUSKAL;LISTA;3;40,9110
sample500-99800.gr;KRUSKAL;LISTA;4;37,2327
sample500-99800.gr;KRUSKAL;LISTA;5;42,0890
sample500-99800.gr;KRUSKAL;LISTA;6;36,3458
sample500-99800.gr;KRUSKAL;LISTA;7;41,0136
sample500-99800.gr;KRUSKAL;LISTA;8;42,1763
sample500-99800.gr;KRUSKAL;LISTA;9;37,2363
sample500-99800.gr;KRUSKAL;LISTA;10;33,4554
sample500-99800.gr;KRUSKAL;LISTA;11;34,8964
sample500-99800.gr;KRUSKAL;MATRIZ;1;36,2981
sample500-99800.gr;KRUSKAL;MATRIZ;2;37,2853
sample500-99800.gr;KRUSKAL;MATRIZ;3;36,5354
sample500-99800.gr;KRUSKAL;MATRIZ;4;35,9686
sample500-99800.gr;KRUSKAL;MATRIZ;5;41,7375
sample500-99800.gr;KRUSKAL;MATRIZ;6;42,0848
sample500-99800.gr;KRUSKAL;MATRIZ;7;52,0562
sample500-99800.gr;KRUSKAL;MATRIZ;8;89,5871
sample500-99800.gr;KRUSKAL;MATRIZ;9;53,6629
sample500-99800.gr;KRUSKAL;MATRIZ;10;54,6898
sample500-99800.gr;KRUSKAL;MATRIZ;11;52,4325
sample500-99800.gr;PRIM;LISTA;1;65,5770
sample500-99800.gr;PRIM;LISTA;2;72,7224
sample500-99800.gr;PRIM;LISTA;3;69,0667
sample500-99800.gr;PRIM;LISTA;4;69,0089
sample500-99800.gr;PRIM;LISTA;5;64,8452
sample500-99800.gr;PRIM;LISTA;6;71,0218
sample500-99800.gr;PRIM;LISTA;7;70,6209
sample500-99800.gr;PRIM;LISTA;8;66,3214
sample500-99800.gr;PRIM;LISTA;9;69,5066
sample500-99800.gr;PRIM;LISTA;10;76,2359
sample500-99800.gr;PRIM;LISTA;11;74,5669
sample500-99800.gr;PRIM;MATRIZ;1;68,9789
sample500-99800.gr;PRIM;MATRIZ;2;113,4250
sample500-99800.gr;PRIM;MATRIZ;3;69,5186
sample500-99800.gr;PRIM;MATRIZ;4;67,7160
sample500-99800.gr;PRIM;MATRIZ;5;65,9174
sample500-99800.gr;PRIM;MATRIZ;6;67,8560
sample500-99800.gr;PRIM;MATRIZ;7;62,8444
sample500-99800.gr;PRIM;MATRIZ;8;61,8137
sample500-99800.gr;PRIM;MATRIZ;9;52,7104
sample500-99800.gr;PRIM;MATRIZ;10;51,2941
sample500-99800.gr;PRIM;MATRIZ;11;51,7731
sample500-99800.gr;DIJKSTRA;LISTA;1;9,9763
sample500-99800.gr;DIJKSTRA;LISTA;2;9,9538
sample500-99800.gr;DIJKSTRA;LISTA;3;9,2715
sample500-99800.gr;DIJKSTRA;LISTA;4;9,4003
sample500-99800.gr;DIJKSTRA;LISTA;5;9,8511
sample500-99800.gr;DIJKSTRA;LISTA;6;9,7086
sample500-99800.gr;DIJKSTRA;LISTA;7;12,7191
sample500-99800.gr;DIJKSTRA;LISTA;8;15,8083
sample500-99800.gr;DIJKSTRA;LISTA;9;10,2113
sample500-99800.gr;DIJKSTRA;LISTA;10;9,8680
sample500-99800.gr;DIJKSTRA;LISTA;11;9,5453
sample500-99800.gr;DIJKSTRA;MATRIZ;1;19,5705
sample500-99800.gr;DIJKSTRA;MATRIZ;2;59,2090
sample500-99800.gr;DIJKSTRA;MATRIZ;3;29,0612
sample500-99800.gr;DIJKSTRA;MATRIZ;4;28,6608
sample500-99800.gr;DIJKSTRA;MATRIZ;5;21,3424
sample500-99800.gr;DIJKSTRA;MATRIZ;6;24,4143
sample500-99800.gr;DIJKSTRA;MATRIZ;7;28,4507
sample500-99800.gr;DIJKSTRA;MATRIZ;8;28,2096
sample500-99800.gr;DIJKSTRA;MATRIZ;9;36,7313
sample500-99800.gr;DIJKSTRA;MATRIZ;10;28,1526
sample500-99800.gr;DIJKSTRA;MATRIZ;11;28,4275
sample500-99800.gr;BELLMANFORD;LISTA;1;101,0465
sample500-99800.gr;BELLMANFORD;LISTA;2;109,7333
sample500-99800.gr;BELLMANFORD;LISTA;3;105,2564
sample500-99800.gr;BELLMANFORD;LISTA;4;107,7058
sample500-99800.gr;BELLMANFORD;LISTA;5;101,8296
sample500-99800.gr;BELLMANFORD;LISTA;6;97,3653
sample500-99800.gr;BELLMANFORD;LISTA;7;103,8340
sample500-99800.gr;BELLMANFORD;LISTA;8;102,2074
sample500-99800.gr;BELLMANFORD;LISTA;9;102,2040
sample500-99800.gr;BELLMANFORD;LISTA;10;108,7082
sample500-99800.gr;BELLMANFORD;LISTA;11;115,6789
sample500-99800.gr;BELLMANFORD;MATRIZ;1;1344,8696
sample500-99800.gr;BELLMANFORD;MATRIZ;2;1300,0565
sample500-99800.gr;BELLMANFORD;MATRIZ;3;1294,9557
sample500-99800.gr;BELLMANFORD;MATRIZ;4;1295,3283
sample500-99800.gr;BELLMANFORD;MATRIZ;5;1305,5214
sample500-99800.gr;BELLMANFORD;MATRIZ;6;1367,5655
sample500-99800.gr;BELLMANFORD;MATRIZ;7;1304,4309
sample500-99800.gr;BELLMANFORD;MATRIZ;8;1288,0998
sample500-99800.gr;BELLMANFORD;MATRIZ;9;1289,4881
sample500-99800.gr;BELLMANFORD;MATRIZ;10;1277,5630
sample500-99800.gr;BELLMANFORD;MATRIZ;11;1279,1953
sample500-99800.gr;FLOYDWARSHALL;LISTA;1;5869,9696
sample500-99800.gr;FLOYDWARSHALL;LISTA;2;6133,3101
sample500-99800.gr;FLOYDWARSHALL;LISTA;3;6603,1412
sample500-99800.gr;FLOYDWARSHALL;LISTA;4;6336,3411
sample500-99800.gr;FLOYDWARSHALL;LISTA;5;5674,1138
sample500-99800.gr;FLOYDWARSHALL;LISTA;6;6308,3344
sample500-99800.gr;FLOYDWARSHALL;LISTA;7;6365,5488
sample500-99800.gr;FLOYDWARSHALL;LISTA;8;6397,8569
sample500-99800.gr;FLOYDWARSHALL;LISTA;9;6839,6350
sample500-99800.gr;FLOYDWARSHALL;LISTA;10;6518,4928
sample500-99800.gr;FLOYDWARSHALL;LISTA;11;7116,9711
sample500-99800.gr;FLOYDWARSHALL;MATRIZ;1;7636,5569
sample500-99800.gr;FLOYDWARSHALL;MATRIZ;2;6434,2969
sample500-99800.gr;FLOYDWARSHALL;MATRIZ;3;10354,6487
sample500-99800.gr;FLOYDWARSHALL;MATRIZ;4;7776,0961
sample500-99800.gr;FLOYDWARSHALL;MATRIZ;5;6215,8125
sample500-99800.gr;FLOYDWARSHALL;MATRIZ;6;6129,8255
sample500-99800.gr;FLOYDWARSHALL;MATRIZ;7;6471,9840
sample500-99800.gr;FLOYDWARSHALL;MATRIZ;8;6117,4883
sample500-99800.gr;FLOYDWARSHALL;MATRIZ;9;6666,9694
sample500-99800.gr;FLOYDWARSHALL;MATRIZ;10;6029,4513
sample500-99800.gr;FLOYDWARSHALL;MATRIZ;11;6123,5167
